rank,word,frequency,cum_pct,region
1,の,0.04455624,4.4556,R1
2,は,0.02669253,7.1249,R1
3,が,0.02266467,9.3913,R1
4,を,0.02052703,11.4440,R1
5,に,0.01745688,13.1897,R1
6,よ,0.01338164,14.5279,R1
7,も,0.01015003,15.5429,R1
8,と,0.01009575,16.5525,R1
9,で,0.00970535,17.5230,R1
10,ね,0.00820377,18.3434,R1
11,か,0.00778908,19.1223,R1
12,って,0.00756994,19.8793,R1
13,だ,0.00713612,20.5929,R1
14,な,0.00707237,21.3001,R1
15,から,0.00677260,21.9774,R1
16,さん,0.00674796,22.6522,R1
17,です,0.00573388,23.2256,R1
18,私,0.00571584,23.7972,R1
19,言う,0.00489474,24.2866,R1
20,はい,0.00422558,24.7092,R1
21,来る,0.00421748,25.1310,R1
22,んだ,0.00404033,25.5350,R1
23,じゃ,0.00400257,25.9352,R1
24,何,0.00360167,26.2954,R1
25,アッ,0.00356077,26.6515,R1
26,思う,0.00348713,27.0002,R1
27,尾,0.00339028,27.3392,R1
28,でも,0.00330719,27.6699,R1
29,ない,0.00324088,27.9940,R1
30,俺,0.00321142,28.3152,R1
31,こと,0.00315568,28.6307,R1
32,ひと,0.00310222,28.9410,R1
33,んです,0.00306912,29.2479,R1
34,この,0.00306287,29.5542,R1
35,要る,0.00299580,29.8537,R1
36,や,0.00298369,30.1521,R1
37,ん,0.00295182,30.4473,R1
38,流,0.00276414,30.7237,R1
39,あの,0.00272060,30.9958,R1
40,けど,0.00271734,31.2675,R1
41,えっ,0.00266805,31.5343,R1
42,事,0.00260327,31.7946,R1
43,分かる,0.00257387,32.0520,R1
44,君,0.00256237,32.3083,R1
45,もう,0.00255198,32.5635,R1
46,嫌,0.00248608,32.8121,R1
47,お前,0.00246396,33.0585,R1
48,鋳る,0.00244911,33.3034,R1
49,あ,0.00233947,33.5373,R1
50,うん,0.00231579,33.7689,R1
51,いい,0.00227055,33.9960,R1
52,ちょっと,0.00221730,34.2177,R1
53,これ,0.00219659,34.4373,R1
54,あなた,0.00217822,34.6552,R1
55,ああ,0.00215055,34.8702,R1
56,鳴る,0.00208551,35.0788,R1
57,その,0.00208363,35.2871,R1
58,照る,0.00207799,35.4949,R1
59,ちゃん,0.00205100,35.7000,R1
60,だから,0.00201817,35.9018,R1
61,ある,0.00200643,36.1025,R1
62,には,0.00194585,36.2971,R1
63,田,0.00190328,36.4874,R1
64,ねえ,0.00190128,36.6775,R1
65,そんな,0.00188180,36.8657,R1
66,よね,0.00188153,37.0539,R1
67,さ,0.00185657,37.2395,R1
68,ください,0.00185627,37.4251,R1
69,わ,0.00185440,37.6106,R1
70,し,0.00181602,37.7922,R1
71,先生,0.00181549,37.9737,R1
72,今,0.00180505,38.1542,R1
73,だけ,0.00168035,38.3223,R1
74,柄,0.00166970,38.4892,R1
75,僕,0.00164338,38.6536,R1
76,何で,0.00164239,38.8178,R1
77,増す,0.00163801,38.9816,R1
78,暮れる,0.00162959,39.1446,R1
79,何か,0.00152470,39.2971,R1
80,そう,0.00146488,39.4435,R1
81,ぞ,0.00145531,39.5891,R1
82,ですか,0.00144270,39.7333,R1
83,なんて,0.00140374,39.8737,R1
84,だって,0.00140197,40.0139,R1
85,なんだ,0.00139130,40.1530,R1
86,て,0.00138032,40.2911,R1
87,じゃあ,0.00137692,40.4288,R1
88,聞く,0.00135207,40.5640,R1
89,知る,0.00134541,40.6985,R1
90,大丈夫,0.00129679,40.8282,R1
91,まで,0.00127288,40.9555,R1
92,反る,0.00127188,41.0827,R1
93,自分,0.00126634,41.2093,R1
94,どう,0.00125795,41.3351,R1
95,待つ,0.00124295,41.4594,R1
96,音,0.00123395,41.5828,R1
97,なら,0.00122828,41.7056,R1
98,のか,0.00122247,41.8279,R1
99,ここ,0.00121027,41.9489,R1
100,へ,0.00121003,42.0699,R1
101,のに,0.00120951,42.1908,R1
102,して,0.00119440,42.3103,R1
103,板,0.00115006,42.4253,R1
104,ー,0.00114798,42.5401,R1
105,だろ,0.00112586,42.6527,R1
106,とか,0.00112331,42.7650,R1
107,擦る,0.00111697,42.8767,R1
108,るん,0.00110896,42.9876,R1
109,とは,0.00110423,43.0980,R1
110,出る,0.00110095,43.2081,R1
111,い,0.00109552,43.3177,R1
112,話,0.00109323,43.4270,R1
113,老いる,0.00106260,43.5333,R1
114,あれ,0.00104007,43.6373,R1
115,みたい,0.00103678,43.7409,R1
116,皆,0.00103042,43.8440,R1
117,年,0.00102907,43.9469,R1
118,立つ,0.00101903,44.0488,R1
119,では,0.00099899,44.1487,R1
120,男,0.00099744,44.2484,R1
121,まだ,0.00098136,44.3466,R1
122,こんな,0.00097479,44.4440,R1
123,仕事,0.00097244,44.5413,R1
124,たい,0.00096443,44.6377,R1
125,違う,0.00095906,44.7336,R1
126,殊,0.00095064,44.8287,R1
127,難,0.00094982,44.9237,R1
128,ありがとう,0.00094926,45.0186,R1
129,時,0.00094668,45.1133,R1
130,かな,0.00094269,45.2075,R1
131,また,0.00094020,45.3016,R1
132,それは,0.00093841,45.3954,R1
133,中,0.00093835,45.4892,R1
134,う,0.00093078,45.5823,R1
135,という,0.00092905,45.6752,R1
136,出す,0.00092394,45.7676,R1
137,母,0.00091502,45.8591,R1
138,本当に,0.00091411,45.9505,R1
139,舌,0.00090821,46.0414,R1
140,吸う,0.00088903,46.1303,R1
141,考える,0.00088683,46.2189,R1
142,ええ,0.00088201,46.3071,R1
143,だと,0.00087711,46.3949,R1
144,でしょ,0.00087166,46.4820,R1
145,死ぬ,0.00086990,46.5690,R1
146,そうだ,0.00085306,46.6543,R1
147,頂く,0.00083610,46.7379,R1
148,担う,0.00083058,46.8210,R1
149,まあ,0.00083014,46.9040,R1
150,語,0.00082020,46.9860,R1
151,内,0.00081395,47.0674,R1
152,もの,0.00080673,47.1481,R1
153,方,0.00080385,47.2285,R1
154,あった,0.00079995,47.3085,R1
155,よう,0.00079966,47.3884,R1
156,病む,0.00079552,47.4680,R1
157,好き,0.00079458,47.5474,R1
158,溶く,0.00078282,47.6257,R1
159,子,0.00078023,47.7037,R1
160,入る,0.00077070,47.7808,R1
161,どこ,0.00076284,47.8571,R1
162,ので,0.00076064,47.9332,R1
163,反,0.00075571,48.0087,R1
164,前,0.00075163,48.0839,R1
165,悪い,0.00074828,48.1587,R1
166,殺す,0.00074784,48.2335,R1
167,誰,0.00073904,48.3074,R1
168,ゆく,0.00073672,48.3811,R1
169,帰る,0.00073564,48.4546,R1
170,女,0.00071862,48.5265,R1
171,食べる,0.00071733,48.5982,R1
172,なんか,0.00071657,48.6699,R1
173,あんた,0.00071448,48.7413,R1
174,家,0.00071363,48.8127,R1
175,みて,0.00070735,48.8834,R1
176,門,0.00070665,48.9541,R1
177,だけど,0.00069805,49.0239,R1
178,ごめん,0.00069075,49.0930,R1
179,本,0.00069063,49.1621,R1
180,一緒に,0.00068682,49.2307,R1
181,として,0.00068661,49.2994,R1
182,今日,0.00068385,49.3678,R1
183,診る,0.00067634,49.4354,R1
184,然う言う,0.00067080,49.5025,R1
185,なんです,0.00067030,49.5695,R1
186,彼女,0.00066208,49.6357,R1
187,算賀,0.00065531,49.7013,R1
188,買う,0.00065225,49.7665,R1
189,ほら,0.00064439,49.8309,R1
190,これは,0.00064339,49.8953,R1
191,作る,0.00064204,49.9595,R1
192,持つ,0.00063521,50.0230,R1
193,よかった,0.00063424,50.0864,R1
194,負,0.00061901,50.1483,R1
195,どうして,0.00061699,50.2100,R1
196,こんにちは,0.00061537,50.2716,R1
197,話す,0.00061376,50.3329,R1
198,羅,0.00060836,50.3938,R1
199,生きる,0.00060739,50.4545,R1
200,湧く,0.00060601,50.5151,R1
201,折る,0.00060399,50.5755,R1
202,どうぞ,0.00060158,50.6357,R1
203,やる,0.00059313,50.6950,R1
204,お母さん,0.00059140,50.7541,R1
205,魔,0.00058774,50.8129,R1
206,酔う,0.00058709,50.8716,R1
207,より,0.00058410,50.9300,R1
208,声,0.00058404,50.9884,R1
209,早く,0.00058251,51.0467,R1
210,そうです,0.00057955,51.1046,R1
211,ただ,0.00057899,51.1625,R1
212,んで,0.00057653,51.2202,R1
213,ちゃんと,0.00057576,51.2777,R1
214,にする,0.00057433,51.3352,R1
215,驢,0.00057380,51.3926,R1
216,それが,0.00056858,51.4494,R1
217,お父さん,0.00056814,51.5062,R1
218,使う,0.00056579,51.5628,R1
219,よく,0.00056283,51.6191,R1
220,お願いします,0.00055966,51.6751,R1
221,時間,0.00055951,51.7310,R1
222,こっち,0.00055854,51.7869,R1
223,失礼,0.00055848,51.8427,R1
224,事件,0.00055725,51.8984,R1
225,諸,0.00055376,51.9538,R1
226,欲しい,0.00055288,52.0091,R1
227,目,0.00054150,52.0633,R1
228,それで,0.00053930,52.1172,R1
229,多い,0.00053378,52.1706,R1
230,やっぱり,0.00053319,52.2239,R1
231,でしょう,0.00052958,52.2768,R1
232,やつ,0.00052917,52.3298,R1
233,同じ,0.00052730,52.3825,R1
234,澄む,0.00052480,52.4350,R1
235,人間,0.00052333,52.4873,R1
236,あい,0.00052237,52.5395,R1
237,ありがとうございます,0.00052081,52.5916,R1
238,頼む,0.00051779,52.6434,R1
239,分,0.00051301,52.6947,R1
240,ずっと,0.00050872,52.7456,R1
241,ないです,0.00050652,52.7962,R1
242,終わる,0.00050377,52.8466,R1
243,跡,0.00050371,52.8970,R1
244,婬,0.00050250,52.9472,R1
245,よし,0.00049998,52.9972,R1
246,個個に,0.00049725,53.0469,R1
247,顔,0.00049358,53.0963,R1
248,前に,0.00049297,53.1456,R1
249,じゃん,0.00049291,53.1949,R1
250,嘘,0.00048866,53.2438,R1
251,彼,0.00048578,53.2923,R1
252,だろう,0.00048202,53.3405,R1
253,無理,0.00047566,53.3881,R1
254,社長,0.00047020,53.4351,R1
255,どういう,0.00046885,53.4820,R1
256,ところ,0.00046853,53.5289,R1
257,戻る,0.00046741,53.5756,R1
258,になる,0.00046471,53.6221,R1
259,結婚,0.00046460,53.6685,R1
260,何も,0.00046307,53.7148,R1
261,背,0.00046190,53.7610,R1
262,本当,0.00045615,53.8066,R1
263,確か,0.00045315,53.8520,R1
264,子供,0.00045019,53.8970,R1
265,馬鹿,0.00044984,53.9420,R1
266,一,0.00044981,53.9869,R1
267,ありません,0.00044890,54.0318,R1
268,そして,0.00044840,54.0767,R1
269,犯人,0.00044729,54.1214,R1
270,あいつ,0.00044553,54.1660,R1
271,いえ,0.00044330,54.2103,R1
272,もっと,0.00044198,54.2545,R1
273,やった,0.00044148,54.2986,R1
274,痛い,0.00043743,54.3424,R1
275,一同,0.00043740,54.3861,R1
276,溜める,0.00043740,54.4298,R1
277,無くなる,0.00043523,54.4734,R1
278,巣,0.00043508,54.5169,R1
279,明日,0.00043508,54.5604,R1
280,感じる,0.00043285,54.6037,R1
281,すごい,0.00043267,54.6469,R1
282,飲む,0.00043150,54.6901,R1
283,警察,0.00043118,54.7332,R1
284,得る,0.00043030,54.7762,R1
285,医院,0.00043003,54.8192,R1
286,なかった,0.00042986,54.8622,R1
287,日,0.00042948,54.9052,R1
288,ママ,0.00042848,54.9480,R1
289,ですが,0.00042695,54.9907,R1
290,会社,0.00042516,55.0332,R1
291,のです,0.00042431,55.0757,R1
292,あります,0.00042349,55.1180,R1
293,こちら,0.00042299,55.1603,R1
294,ことは,0.00042217,55.2025,R1
295,力,0.00042208,55.2447,R2
296,たの,0.00042050,55.2868,R2
297,教える,0.00041959,55.3287,R2
298,訓,0.00041953,55.3707,R2
299,茣蓙,0.00041800,55.4125,R2
300,しかし,0.00041601,55.4541,R2
301,女性,0.00041454,55.4956,R2
302,度,0.00041437,55.5370,R2
303,書く,0.00041152,55.5781,R2
304,じゃないか,0.00041079,55.6192,R2
305,全て,0.00041055,55.6603,R2
306,金,0.00040917,55.7012,R2
307,ウッ,0.00040718,55.7419,R2
308,信じる,0.00040580,55.7825,R2
309,見える,0.00040568,55.8231,R2
310,心配,0.00040424,55.8635,R2
311,必要,0.00040225,55.9037,R2
312,積もる,0.00040017,55.9437,R2
313,みた,0.00039999,55.9837,R2
314,著,0.00039964,56.0237,R2
315,のために,0.00039609,56.0633,R2
316,あって,0.00039565,56.1029,R2
317,どんな,0.00039497,56.1424,R2
318,かね,0.00039351,56.1817,R2
319,万,0.00039245,56.2210,R2
320,できる,0.00039221,56.2602,R2
321,わよ,0.00039207,56.2994,R2
322,フッ,0.00039133,56.3385,R2
323,店,0.00038843,56.3774,R2
324,全部,0.00038773,56.4161,R2
325,ゆって,0.00038720,56.4549,R2
326,はあ,0.00038550,56.4934,R2
327,過ぎる,0.00038438,56.5318,R2
328,ぜ,0.00038347,56.5702,R2
329,気,0.00038127,56.6083,R2
330,全然,0.00037910,56.6462,R2
331,家族,0.00037889,56.6841,R2
332,体,0.00037734,56.7218,R2
333,だったら,0.00037713,56.7596,R2
334,さあ,0.00037690,56.7973,R2
335,だれか,0.00037655,56.8349,R2
336,渡す,0.00037402,56.8723,R2
337,心,0.00037385,56.9097,R2
338,者,0.00037347,56.9470,R2
339,焚く,0.00037335,56.9844,R2
340,どうも,0.00037250,57.0216,R2
341,気持ち,0.00037086,57.0587,R2
342,手,0.00037065,57.0958,R2
343,これから,0.00037036,57.1328,R2
344,負う,0.00037021,57.1698,R2
345,餡,0.00036918,57.2068,R2
346,これで,0.00036857,57.2436,R2
347,常,0.00036745,57.2804,R2
348,なぜ,0.00036733,57.3171,R2
349,助ける,0.00036555,57.3536,R2
350,電話,0.00036546,57.3902,R2
351,忘れる,0.00036505,57.4267,R2
352,呼ぶ,0.00036481,57.4632,R2
353,殿,0.00036455,57.4996,R2
354,なあ,0.00036232,57.5359,R2
355,名前,0.00036097,57.5720,R2
356,いつも,0.00036026,57.6080,R2
357,ですから,0.00035944,57.6439,R2
358,区,0.00035577,57.6795,R2
359,光,0.00035478,57.7150,R2
360,かもしれない,0.00035387,57.7504,R2
361,陽,0.00035346,57.7857,R2
362,次,0.00035214,57.8209,R2
363,入れる,0.00035214,57.8561,R2
364,一番,0.00035090,57.8912,R2
365,鳴く,0.00035088,57.9263,R2
366,守る,0.00034870,57.9612,R2
367,まさか,0.00034821,57.9960,R2
368,だが,0.00034621,58.0306,R2
369,御免なさい,0.00034492,58.0651,R2
370,逃げる,0.00034401,58.0995,R2
371,相手,0.00034298,58.1338,R2
372,お願い,0.00034216,58.1680,R2
373,陽に,0.00034087,58.2021,R2
374,かも,0.00034081,58.2362,R2
375,そうか,0.00033984,58.2702,R2
376,なきゃ,0.00033949,58.3041,R2
377,しか,0.00033885,58.3380,R2
378,韃靼,0.00033755,58.3718,R2
379,大事,0.00033547,58.4053,R2
380,茶,0.00033494,58.4388,R2
381,いいです,0.00033471,58.4723,R2
382,１人,0.00033354,58.5056,R2
383,私たち,0.00033198,58.5388,R2
384,問題,0.00033142,58.5720,R2
385,見せる,0.00033136,58.6051,R2
386,幸せ,0.00032846,58.6380,R2
387,以上,0.00032740,58.6707,R2
388,大変,0.00032676,58.7034,R2
389,友達,0.00032635,58.7360,R2
390,少し,0.00032459,58.7685,R2
391,絶対,0.00032327,58.8008,R2
392,など,0.00032233,58.8330,R2
393,部屋,0.00032092,58.8651,R2
394,っす,0.00031951,58.8971,R2
395,男性,0.00031898,58.9290,R2
396,ために,0.00031869,58.9608,R2
397,生む,0.00031790,58.9926,R2
398,鼻,0.00031781,59.0244,R2
399,ふふ,0.00031775,59.0562,R2
400,捕る,0.00031658,59.0879,R2
401,怖い,0.00031634,59.1195,R2
402,意味,0.00031532,59.1510,R2
403,きっと,0.00031490,59.1825,R2
404,取る,0.00031379,59.2139,R2
405,今度,0.00031341,59.2452,R2
406,変わる,0.00031276,59.2765,R2
407,野郎,0.00031226,59.3077,R2
408,第一,0.00031215,59.3389,R2
409,娘,0.00031212,59.3702,R2
410,とする,0.00031036,59.4012,R2
411,皆さん,0.00030986,59.4322,R2
412,もし,0.00030971,59.4631,R2
413,時に,0.00030830,59.4940,R2
414,初める,0.00030824,59.5248,R2
415,それに,0.00030813,59.5556,R2
416,調べる,0.00030748,59.5864,R2
417,韻,0.00030742,59.6171,R2
418,ぐらい,0.00030698,59.6478,R2
419,あんな,0.00030695,59.6785,R2
420,パパ,0.00030555,59.7091,R2
421,夢,0.00030525,59.7396,R2
422,実は,0.00030472,59.7701,R2
423,すか,0.00030437,59.8005,R2
424,動く,0.00030191,59.8307,R2
425,たら,0.00030155,59.8608,R2
426,なり,0.00029988,59.8908,R2
427,美味い,0.00029918,59.9207,R2
428,異,0.00029900,59.9506,R2
429,さっき,0.00029842,59.9805,R2
430,お金,0.00029839,60.0103,R2
431,別に,0.00029827,60.0401,R2
432,世界,0.00029806,60.0700,R2
433,働く,0.00029718,60.0997,R2
434,変,0.00029592,60.1293,R2
435,場所,0.00029510,60.1588,R2
436,いやいや,0.00029481,60.1883,R2
437,開く,0.00029445,60.2177,R2
438,致す,0.00029346,60.2470,R3
439,のだ,0.00028967,60.2760,R3
440,覚える,0.00028920,60.3049,R3
441,楽しい,0.00028914,60.3339,R3
442,刑事,0.00028853,60.3627,R3
443,ば,0.00028741,60.3914,R3
444,最後,0.00028733,60.4202,R3
445,始める,0.00028430,60.4486,R3
446,点,0.00028319,60.4769,R3
447,添う,0.00028240,60.5052,R3
448,壮,0.00028187,60.5334,R3
449,着る,0.00028163,60.5615,R3
450,わし,0.00028149,60.5897,R3
451,付ける,0.00028099,60.6178,R3
452,とも,0.00027990,60.6458,R3
453,請う,0.00027785,60.6735,R3
454,昨日,0.00027779,60.7013,R3
455,病院,0.00027656,60.7290,R3
456,決める,0.00027550,60.7565,R3
457,昔,0.00027521,60.7840,R3
458,連絡,0.00027497,60.8115,R3
459,どうした,0.00027433,60.8390,R3
460,もちろん,0.00027239,60.8662,R3
461,色々,0.00027116,60.8933,R3
462,関係,0.00027092,60.9204,R3
463,夜,0.00026834,60.9473,R3
464,人生,0.00026822,60.9741,R3
465,捜査,0.00026737,61.0008,R3
466,うさぎ,0.00026655,61.0275,R3
467,学校,0.00026646,61.0541,R3
468,続ける,0.00026597,61.0807,R3
469,街,0.00026558,61.1073,R3
470,ゆこう,0.00026541,61.1338,R3
471,言葉,0.00026497,61.1603,R3
472,ドア,0.00026450,61.1868,R3
473,歳,0.00026415,61.2132,R3
474,命,0.00026391,61.2396,R3
475,てるの,0.00026385,61.2660,R3
476,濃い,0.00026382,61.2923,R3
477,付き合う,0.00026382,61.3187,R3
478,達,0.00026359,61.3451,R3
479,許す,0.00026353,61.3714,R3
480,あの人,0.00026230,61.3977,R3
481,うわ,0.00026133,61.4238,R3
482,的,0.00026110,61.4499,R3
483,どの,0.00026051,61.4760,R3
484,売る,0.00026001,61.5020,R3
485,短打,0.00025895,61.5278,R3
486,言,0.00025866,61.5537,R3
487,ほど,0.00025857,61.5796,R3
488,決まる,0.00025845,61.6054,R3
489,季,0.00025793,61.6312,R3
490,残る,0.00025769,61.6570,R3
491,である,0.00025766,61.6827,R3
492,ではある,0.00025631,61.7084,R3
493,乗る,0.00025605,61.7340,R3
494,今回,0.00025532,61.7595,R3
495,父,0.00025520,61.7850,R3
496,外,0.00025464,61.8105,R3
497,日本,0.00025464,61.8360,R3
498,なくて,0.00025446,61.8614,R3
499,すぐ,0.00025411,61.8868,R3
500,元気,0.00025402,61.9122,R3
501,頑張って,0.00025361,61.9376,R3
502,賭ける,0.00025191,61.9628,R3
503,お疲れさま,0.00025133,61.9879,R3
504,寝る,0.00025115,62.0130,R3
505,どうしたの,0.00025033,62.0381,R3
506,教科書体,0.00025018,62.0631,R3
507,おいしい,0.00025006,62.0881,R3
508,我々,0.00025006,62.1131,R3
509,まず,0.00024918,62.1380,R3
510,こそ,0.00024915,62.1629,R3
511,食う,0.00024895,62.1878,R3
512,新しい,0.00024839,62.2127,R3
513,太い,0.00024830,62.2375,R3
514,去る,0.00024745,62.2622,R3
515,頭,0.00024684,62.2869,R3
516,詰まる,0.00024628,62.3115,R3
517,張る,0.00024593,62.3361,R3
518,すぐに,0.00024552,62.3607,R3
519,受ける,0.00024552,62.3852,R3
520,暮らす,0.00024552,62.4098,R3
521,最初,0.00024469,62.4343,R3
522,泣く,0.00024232,62.4585,R3
523,可愛い,0.00024202,62.4827,R3
524,勝手,0.00024191,62.5069,R3
525,困る,0.00024111,62.5310,R3
526,後,0.00023953,62.5549,R3
527,過渡,0.00023941,62.5789,R3
528,起きる,0.00023933,62.6028,R3
529,通る,0.00023842,62.6267,R3
530,撥ねる,0.00023824,62.6505,R3
531,生ける,0.00023812,62.6743,R3
532,上,0.00023789,62.6981,R3
533,まじ,0.00023742,62.7218,R3
534,もしもし,0.00023730,62.7456,R3
535,はず,0.00023698,62.7693,R3
536,底,0.00023686,62.7929,R3
537,笑う,0.00023630,62.8166,R3
538,わっ,0.00023525,62.8401,R3
539,普通,0.00023440,62.8635,R3
540,親,0.00023369,62.8869,R3
541,生徒,0.00023258,62.9102,R3
542,一つ,0.00023243,62.9334,R3
543,日文,0.00023193,62.9566,R3
544,写真,0.00023164,62.9798,R3
545,できない,0.00023082,63.0028,R3
546,先輩,0.00023064,63.0259,R3
547,必ず,0.00023023,63.0489,R3
548,あら,0.00022988,63.0719,R3
549,笑い声,0.00022979,63.0949,R3
550,ゆった,0.00022850,63.1177,R3
551,かたくな,0.00022838,63.1406,R3
552,怒る,0.00022826,63.1634,R3
553,遅い,0.00022818,63.1862,R3
554,おはようございます,0.00022747,63.2090,R3
555,み,0.00022747,63.2317,R3
556,糸,0.00022733,63.2545,R3
557,よろしく,0.00022703,63.2772,R3
558,このまま,0.00022680,63.2998,R3
559,しまった,0.00022644,63.3225,R3
560,読む,0.00022621,63.3451,R3
561,東京,0.00022489,63.3676,R3
562,奥さん,0.00022354,63.3899,R3
563,最近,0.00022331,63.4123,R3
564,俺たち,0.00022269,63.4345,R3
565,約束,0.00022187,63.4567,R3
566,見つける,0.00022175,63.4789,R3
567,母親,0.00022157,63.5011,R3
568,なるほど,0.00021873,63.5229,R3
569,あの子,0.00021855,63.5448,R3
570,諱む,0.00021835,63.5666,R3
571,送る,0.00021808,63.5884,R3
572,斯う言う,0.00021770,63.6102,R3
573,くらい,0.00021750,63.6320,R3
574,息子,0.00021653,63.6536,R3
575,欄,0.00021623,63.6752,R3
576,ただいま,0.00021568,63.6968,R3
577,車,0.00021553,63.7184,R3
578,件,0.00021530,63.7399,R3
579,いいから,0.00021527,63.7614,R3
580,いく,0.00021442,63.7829,R3
581,捨てる,0.00021439,63.8043,R3
582,文,0.00021436,63.8257,R3
583,とにかく,0.00021345,63.8471,R3
584,料理,0.00021339,63.8684,R3
585,強いる,0.00021245,63.8897,R3
586,け,0.00021236,63.9109,R3
587,面白い,0.00021195,63.9321,R3
588,辞める,0.00021169,63.9533,R3
589,竹刀,0.00021160,63.9744,R3
590,行,0.00021081,63.9955,R3
591,こいつ,0.00021022,64.0165,R3
592,返す,0.00021022,64.0375,R3
593,伝える,0.00020949,64.0585,R3
594,理由,0.00020913,64.0794,R3
595,高い,0.00020872,64.1003,R3
596,何とか,0.00020864,64.1211,R3
597,にとって,0.00020808,64.1419,R3
598,全く,0.00020690,64.1626,R3
599,かよ,0.00020676,64.1833,R3
600,部,0.00020591,64.2039,R3
601,そんなに,0.00020511,64.2244,R3
602,砲,0.00020488,64.2449,R3
603,旦那,0.00020447,64.2653,R3
604,もらって,0.00020421,64.2858,R3
605,黙る,0.00020379,64.3061,R3
606,っていうか,0.00020377,64.3265,R3
607,そっか,0.00020335,64.3469,R3
608,患者,0.00020309,64.3672,R3
609,似付く,0.00020227,64.3874,R3
610,明朝体,0.00020171,64.4076,R3
611,勝つ,0.00020154,64.4277,R3
612,現場,0.00020133,64.4479,R3
613,回,0.00019954,64.4678,R3
614,疲れる,0.00019922,64.4877,R3
615,落ちる,0.00019901,64.5076,R3
616,被害者,0.00019875,64.5275,R3
617,のこ,0.00019840,64.5473,R3
618,ごろ,0.00019837,64.5672,R3
619,側,0.00019813,64.5870,R3
620,情報,0.00019763,64.6068,R3
621,宝,0.00019711,64.6265,R3
622,七日,0.00019666,64.6461,R3
623,間,0.00019614,64.6657,R3
624,ったら,0.00019532,64.6853,R3
625,なんでも,0.00019517,64.7048,R3
626,今まで,0.00019438,64.7242,R3
627,父親,0.00019408,64.7436,R3
628,長い,0.00019391,64.7630,R3
629,一人,0.00019341,64.7824,R3
630,落ち着く,0.00019279,64.8017,R3
631,槍,0.00019273,64.8209,R3
632,もらう,0.00019241,64.8402,R3
633,確認,0.00019197,64.8594,R3
634,申す,0.00019185,64.8786,R3
635,若い,0.00019179,64.8977,R3
636,ところで,0.00019130,64.9169,R3
637,だれも,0.00019109,64.9360,R3
638,絶対に,0.00019062,64.9550,R3
639,負ける,0.00019059,64.9741,R3
640,消火,0.00019056,64.9931,R3
641,ながら,0.00019053,65.0122,R3
642,あるの,0.00019050,65.0312,R3
643,かい,0.00019024,65.0503,R3
644,携帯,0.00018974,65.0692,R3
645,選ぶ,0.00018971,65.0882,R3
646,つま,0.00018927,65.1071,R3
647,いつ,0.00018848,65.1260,R3
648,里,0.00018822,65.1448,R3
649,もしかして,0.00018813,65.1636,R3
650,他,0.00018681,65.1823,R3
651,部長,0.00018657,65.2010,R3
652,まま,0.00018599,65.2196,R3
653,可能性,0.00018581,65.2381,R3
654,大,0.00018578,65.2567,R3
655,じゃね,0.00018511,65.2752,R3
656,間違う,0.00018417,65.2937,R3
657,よろしくお願いします,0.00018364,65.3120,R3
658,ばかり,0.00018349,65.3304,R3
659,朝,0.00018349,65.3487,R3
660,ダメ,0.00018308,65.3670,R3
661,認める,0.00018293,65.3853,R3
662,地,0.00018290,65.4036,R3
663,証拠,0.00018229,65.4218,R3
664,寸,0.00018197,65.4400,R3
665,戦う,0.00018164,65.4582,R3
666,答える,0.00018147,65.4763,R3
667,おはよう,0.00018076,65.4944,R3
668,一体,0.00018056,65.5125,R3
669,隠す,0.00018047,65.5305,R3
670,始まる,0.00018032,65.5486,R3
671,亡くなる,0.00018000,65.5666,R3
672,らしい,0.00017971,65.5845,R3
673,探す,0.00017965,65.6025,R3
674,へえ,0.00017915,65.6204,R3
675,分かんない,0.00017912,65.6383,R3
676,課長,0.00017903,65.6562,R3
677,慕う,0.00017842,65.6741,R3
678,早い,0.00017830,65.6919,R3
679,諦める,0.00017736,65.7096,R3
680,労,0.00017668,65.7273,R3
681,恋,0.00017639,65.7449,R3
682,参る,0.00017633,65.7626,R3
683,あり,0.00017627,65.7802,R3
684,そうですね,0.00017604,65.7978,R3
685,字,0.00017604,65.8154,R3
686,ばっかり,0.00017589,65.8330,R3
687,やだ,0.00017586,65.8506,R3
688,大切,0.00017457,65.8680,R3
689,屎,0.00017437,65.8855,R3
690,賞,0.00017434,65.9029,R3
691,帰ってくる,0.00017419,65.9203,R3
692,気になる,0.00017393,65.9377,R3
693,そりゃ,0.00017343,65.9551,R3
694,急に,0.00017284,65.9723,R3
695,辛い,0.00017264,65.9896,R3
696,最高,0.00017261,66.0069,R3
697,仲間,0.00017252,66.0241,R3
698,ことがある,0.00017220,66.0413,R3
699,元,0.00017129,66.0585,R3
700,優しい,0.00017102,66.0756,R3
701,切る,0.00017096,66.0927,R3
702,殊に,0.00017058,66.1097,R3
703,白い,0.00017000,66.1267,R3
704,愚,0.00016844,66.1436,R3
705,夫,0.00016835,66.1604,R3
706,しまう,0.00016832,66.1772,R3
707,１つ,0.00016823,66.1941,R3
708,国,0.00016800,66.2109,R3
709,変える,0.00016800,66.2277,R3
710,一緒,0.00016797,66.2445,R3
711,似寄る,0.00016747,66.2612,R3
712,閉まる,0.00016738,66.2779,R3
713,別れる,0.00016724,66.2947,R3
714,羃,0.00016688,66.3114,R3
715,それだけ,0.00016683,66.3280,R3
716,注す,0.00016644,66.3447,R3
717,やばい,0.00016639,66.3613,R3
718,素,0.00016606,66.3779,R3
719,円い,0.00016492,66.3944,R3
720,捜す,0.00016489,66.4109,R3
721,打ち荷,0.00016427,66.4273,R3
722,もらった,0.00016401,66.4437,R3
723,簡単,0.00016392,66.4601,R3
724,突く,0.00016354,66.4765,R3
725,用,0.00016354,66.4928,R3
726,結果,0.00016251,66.5091,R3
727,似合う,0.00016216,66.5253,R3
728,かしら,0.00016210,66.5415,R3
729,出てくる,0.00016157,66.5577,R3
730,できた,0.00016152,66.5738,R3
731,けっこう,0.00016146,66.5900,R3
732,道,0.00016119,66.6061,R3
733,急ぐ,0.00016096,66.6222,R3
734,先,0.00016081,66.6383,R3
735,お帰り,0.00015937,66.6542,R3
736,名,0.00015920,66.6701,R3
737,賀する,0.00015899,66.6860,R3
738,続く,0.00015879,66.7019,R3
739,べ,0.00015852,66.7178,R3
740,そっち,0.00015844,66.7336,R3
741,思い出す,0.00015808,66.7494,R3
742,空,0.00015797,66.7652,R3
743,一度,0.00015764,66.7810,R3
744,救う,0.00015714,66.7967,R3
745,つ,0.00015685,66.8124,R3
746,母さん,0.00015685,66.8280,R3
747,忙しい,0.00015673,66.8437,R3
748,任せる,0.00015667,66.8594,R3
749,準備,0.00015629,66.8750,R3
750,そろそろ,0.00015623,66.8906,R3
751,それから,0.00015565,66.9062,R3
752,本気,0.00015547,66.9218,R3
753,毎日,0.00015530,66.9373,R3
754,貸す,0.00015521,66.9528,R3
755,やっと,0.00015515,66.9683,R3
756,相談,0.00015515,66.9838,R3
757,どっち,0.00015503,66.9993,R3
758,開ける,0.00015483,67.0148,R3
759,泣き声,0.00015480,67.0303,R3
760,ことも,0.00015477,67.0458,R3
761,久しぶり,0.00015474,67.0612,R3
762,でございます,0.00015468,67.0767,R3
763,します,0.00015456,67.0922,R3
764,ゆき,0.00015456,67.1076,R3
765,風,0.00015447,67.1231,R3
766,結局,0.00015409,67.1385,R3
767,手伝う,0.00015395,67.1539,R3
768,足,0.00015392,67.1693,R3
769,あげる,0.00015365,67.1846,R3
770,たって,0.00015289,67.1999,R3
771,巳,0.00015133,67.2151,R3
772,向かう,0.00015131,67.2302,R3
773,謝る,0.00015116,67.2453,R3
774,みる,0.00015107,67.2604,R3
775,御座います,0.00015101,67.2755,R3
776,しかない,0.00015081,67.2906,R3
777,やっぱ,0.00015072,67.3057,R3
778,場合,0.00015069,67.3207,R3
779,愛,0.00015057,67.3358,R3
780,ますよ,0.00015031,67.3508,R3
781,お店,0.00015001,67.3658,R3
782,同氏,0.00014993,67.3808,R3
783,図,0.00014969,67.3958,R3
784,区内,0.00014966,67.4108,R3
785,折れる,0.00014966,67.4257,R3
786,その時,0.00014957,67.4407,R3
787,聞こえる,0.00014928,67.4556,R3
788,やがる,0.00014872,67.4705,R3
789,二人,0.00014869,67.4853,R3
790,大学,0.00014864,67.5002,R3
791,止める,0.00014855,67.5151,R3
792,医者,0.00014805,67.5299,R3
793,撮る,0.00014770,67.5446,R3
794,大きい,0.00014767,67.5594,R3
795,別,0.00014743,67.5742,R3
796,たくさん,0.00014734,67.5889,R3
797,もう一度,0.00014726,67.6036,R3
798,いいえ,0.00014708,67.6183,R3
799,多分,0.00014682,67.6330,R3
800,先に,0.00014670,67.6477,R3
801,すごく,0.00014605,67.6623,R3
802,休む,0.00014576,67.6769,R3
803,かもしれません,0.00014570,67.6914,R3
804,ヤツ,0.00014550,67.7060,R3
805,貼る,0.00014544,67.7205,R3
806,離れる,0.00014509,67.7350,R3
807,罪,0.00014497,67.7495,R3
808,辺,0.00014485,67.7640,R3
809,揉む,0.00014470,67.7785,R3
810,わけ,0.00014423,67.7929,R3
811,一人で,0.00014382,67.8073,R3
812,木,0.00014365,67.8216,R3
813,よい,0.00014356,67.8360,R3
814,ません,0.00014341,67.8503,R3
815,狙う,0.00014338,67.8647,R3
816,うれしい,0.00014330,67.8790,R3
817,味,0.00014274,67.8933,R3
818,消える,0.00014265,67.9076,R3
819,邦画,0.00014256,67.9218,R3
820,遭難,0.00014227,67.9360,R3
821,ものを,0.00014215,67.9502,R3
822,あはは,0.00014192,67.9644,R3
823,邪魔,0.00014186,67.9786,R3
824,座る,0.00014183,67.9928,R3
825,遊ぶ,0.00014171,68.0070,R3
826,ため息,0.00014145,68.0211,R3
827,ないと,0.00014124,68.0352,R3
828,舎,0.00014066,68.0493,R3
829,親父,0.00014063,68.0634,R3
830,ううん,0.00014048,68.0774,R3
831,しかも,0.00014048,68.0915,R3
832,やって来る,0.00014024,68.1055,R3
833,説明,0.00013975,68.1195,R3
834,県,0.00013963,68.1334,R3
835,姿,0.00013957,68.1474,R3
836,ならない,0.00013942,68.1613,R3
837,払う,0.00013942,68.1753,R3
838,済む,0.00013933,68.1892,R3
839,気づく,0.00013910,68.2031,R3
840,大きな,0.00013901,68.2170,R3
841,女子,0.00013875,68.2309,R3
842,口,0.00013872,68.2448,R3
843,はいはい,0.00013851,68.2586,R3
844,勉強,0.00013848,68.2725,R3
845,ダメだ,0.00013840,68.2863,R3
846,ゆっくり,0.00013828,68.3001,R3
847,底荷,0.00013819,68.3140,R3
848,神,0.00013787,68.3277,R3
849,ひどい,0.00013778,68.3415,R3
850,歩く,0.00013775,68.3553,R3
851,状況,0.00013766,68.3691,R3
852,広い,0.00013746,68.3828,R3
853,当たる,0.00013746,68.3966,R3
854,花,0.00013731,68.4103,R3
855,近く,0.00013731,68.4240,R3
856,手術,0.00013728,68.4377,R3
857,首,0.00013722,68.4515,R3
858,拍手,0.00013696,68.4652,R3
859,出会う,0.00013684,68.4788,R3
860,わけじゃない,0.00013672,68.4925,R3
861,海,0.00013664,68.5062,R3
862,内科,0.00013658,68.5198,R3
863,用意,0.00013640,68.5335,R3
864,山,0.00013637,68.5471,R3
865,残す,0.00013637,68.5608,R3
866,桜,0.00013620,68.5744,R3
867,町,0.00013620,68.5880,R3
868,全員,0.00013617,68.6016,R3
869,逮捕,0.00013596,68.6152,R3
870,しま,0.00013593,68.6288,R3
871,住む,0.00013578,68.6424,R3
872,自殺,0.00013555,68.6559,R3
873,強い,0.00013552,68.6695,R3
874,方がいい,0.00013546,68.6830,R3
875,メール,0.00013529,68.6966,R3
876,せっかく,0.00013485,68.7100,R3
877,教授,0.00013452,68.7235,R3
878,ナレーター,0.00013423,68.7369,R3
879,随分,0.00013394,68.7503,R3
880,合う,0.00013373,68.7637,R3
881,疑う,0.00013364,68.7770,R3
882,未来,0.00013335,68.7904,R3
883,他に,0.00013311,68.8037,R3
884,兄,0.00013300,68.8170,R3
885,熱い,0.00013294,68.8303,R3
886,こんなに,0.00013285,68.8436,R3
887,ないで,0.00013247,68.8568,R3
888,今夜,0.00013232,68.8701,R3
889,素っ,0.00013218,68.8833,R3
890,さすが,0.00013197,68.8965,R3
891,上がる,0.00013185,68.9097,R3
892,難しい,0.00013177,68.9228,R3
893,釣る,0.00013156,68.9360,R3
894,大人,0.00013138,68.9491,R3
895,弟子,0.00013127,68.9623,R3
896,なかなか,0.00013118,68.9754,R3
897,会,0.00013056,68.9884,R3
898,素敵,0.00013050,69.0015,R3
899,噂,0.00013047,69.0145,R3
900,造る,0.00013044,69.0276,R3
901,乃至,0.00013018,69.0406,R3
902,穂,0.00013018,69.0536,R3
903,農,0.00013015,69.0666,R3
904,飛ぶ,0.00013015,69.0796,R3
905,のように,0.00012974,69.0926,R3
906,どうしても,0.00012956,69.1056,R3
907,雅,0.00012956,69.1185,R3
908,歌,0.00012930,69.1315,R3
909,敵,0.00012915,69.1444,R3
910,るか,0.00012845,69.1572,R3
911,お腹,0.00012839,69.1701,R3
912,以外,0.00012833,69.1829,R3
913,大好き,0.00012819,69.1957,R3
914,弁護士,0.00012819,69.2085,R3
915,下,0.00012775,69.2213,R3
916,女の子,0.00012751,69.2340,R3
917,やん,0.00012748,69.2468,R3
918,あげて,0.00012698,69.2595,R3
919,驚く,0.00012648,69.2721,R3
920,起こす,0.00012645,69.2848,R3
921,おかしい,0.00012610,69.2974,R3
922,だめ,0.00012607,69.3100,R3
923,借りる,0.00012584,69.3226,R3
924,水,0.00012575,69.3352,R3
925,いくら,0.00012569,69.3477,R3
926,ありました,0.00012563,69.3603,R3
927,乗せる,0.00012552,69.3728,R3
928,そこで,0.00012537,69.3854,R3
929,こら,0.00012534,69.3979,R3
930,それでも,0.00012534,69.4105,R3
931,楽しむ,0.00012531,69.4230,R3
932,いいか,0.00012525,69.4355,R3
933,お姉ちゃん,0.00012516,69.4480,R3
934,戦,0.00012516,69.4605,R3
935,東,0.00012511,69.4731,R3
936,したら,0.00012484,69.4855,R3
937,すね,0.00012481,69.4980,R3
938,愛する,0.00012475,69.5105,R3
939,黒い,0.00012466,69.5230,R3
940,何て,0.00012464,69.5354,R3
941,正直,0.00012428,69.5479,R3
942,責任,0.00012408,69.5603,R3
943,銅貨,0.00012367,69.5726,R3
944,伺う,0.00012308,69.5849,R3
945,はずだ,0.00012290,69.5972,R3
946,お待ち,0.00012279,69.6095,R3
947,組む,0.00012249,69.6218,R3
948,危ない,0.00012244,69.6340,R3
949,課,0.00012217,69.6462,R3
950,私達,0.00012214,69.6584,R3
951,存在,0.00012211,69.6706,R3
952,向こう,0.00012182,69.6828,R3
953,離婚,0.00012182,69.6950,R3
954,いらっしゃい,0.00012164,69.7072,R3
955,お話,0.00012123,69.7193,R3
956,いっぱい,0.00012097,69.7314,R3
957,そこまで,0.00012094,69.7435,R3
958,匂う,0.00012079,69.7556,R3
959,とりあえず,0.00012076,69.7676,R3
960,願う,0.00012070,69.7797,R3
961,気付く,0.00012062,69.7918,R3
962,あとで,0.00012053,69.8038,R3
963,屋,0.00011985,69.8158,R3
964,無事,0.00011982,69.8278,R3
965,方法,0.00011977,69.8398,R3
966,オペ,0.00011974,69.8517,R3
967,誘う,0.00011971,69.8637,R3
968,生,0.00011968,69.8757,R3
969,似る,0.00011965,69.8876,R3
970,安心,0.00011953,69.8996,R3
971,波動,0.00011950,69.9115,R3
972,持ってくる,0.00011941,69.9235,R3
973,笑む,0.00011935,69.9354,R3
974,戻ってくる,0.00011933,69.9474,R3
975,父さん,0.00011927,69.9593,R3
976,あそこ,0.00011924,69.9712,R3
977,五日,0.00011909,69.9831,R3
978,そうね,0.00011900,69.9950,R3
979,時代,0.00011856,70.0069,R3
980,いらっしゃいませ,0.00011847,70.0187,R3
981,とても,0.00011809,70.0305,R3
982,知り合う,0.00011806,70.0423,R3
983,湾,0.00011798,70.0541,R3
984,今から,0.00011789,70.0659,R3
985,座,0.00011786,70.0777,R3
986,失敗,0.00011786,70.0895,R3
987,鷹,0.00011786,70.1013,R3
988,視点,0.00011777,70.1131,R3
989,客,0.00011768,70.1248,R3
990,番,0.00011751,70.1366,R3
991,れる,0.00011736,70.1483,R3
992,騙す,0.00011733,70.1600,R3
993,殺害,0.00011721,70.1718,R3
994,担当,0.00011701,70.1835,R3
995,走る,0.00011677,70.1951,R3
996,事故,0.00011651,70.2068,R3
997,どうせ,0.00011642,70.2184,R3
998,たかった,0.00011639,70.2301,R3
999,奪う,0.00011633,70.2417,R4
1000,社員,0.00011630,70.2533,R4
1001,気にする,0.00011627,70.2650,R4
1002,そういえば,0.00011622,70.2766,R4
1003,助かる,0.00011622,70.2882,R4
1004,よいしょ,0.00011619,70.2998,R4
1005,隣る,0.00011619,70.3114,R4
1006,突然,0.00011563,70.3230,R4
1007,わざわざ,0.00011557,70.3346,R4
1008,様,0.00011554,70.3461,R4
1009,今年,0.00011536,70.3577,R4
1010,様子,0.00011533,70.3692,R4
1011,うるさい,0.00011501,70.3807,R4
1012,箱,0.00011498,70.3922,R4
1013,多様,0.00011466,70.4037,R4
1014,そしたら,0.00011460,70.4151,R4
1015,夏,0.00011443,70.4266,R4
1016,空く,0.00011425,70.4380,R4
1017,報告,0.00011422,70.4494,R4
1018,非,0.00011410,70.4608,R4
1019,としても,0.00011407,70.4722,R4
1020,遺体,0.00011407,70.4836,R4
1021,どこか,0.00011401,70.4950,R4
1022,えっと,0.00011399,70.5064,R4
1023,どうやって,0.00011378,70.5178,R4
1024,糊塗,0.00011366,70.5292,R4
1025,犬,0.00011343,70.5405,R4
1026,間違いない,0.00011322,70.5518,R4
1027,願,0.00011305,70.5631,R4
1028,余計,0.00011302,70.5744,R4
1029,易い,0.00011299,70.5857,R4
1030,断る,0.00011299,70.5970,R4
1031,問う,0.00011299,70.6083,R4
1032,発見,0.00011293,70.6196,R4
1033,十分,0.00011281,70.6309,R4
1034,消す,0.00011272,70.6422,R4
1035,悼む,0.00011252,70.6534,R4
1036,っけ,0.00011249,70.6647,R4
1037,黄,0.00011249,70.6759,R4
1038,危険,0.00011243,70.6872,R4
1039,やはり,0.00011225,70.6984,R4
1040,知,0.00011225,70.7096,R4
1041,過去,0.00011187,70.7208,R4
1042,生活,0.00011187,70.7320,R4
1043,葬送,0.00011181,70.7432,R4
1044,下さる,0.00011176,70.7544,R4
1045,傷つく,0.00011140,70.7655,R4
1046,でき,0.00011137,70.7766,R4
1047,おかげで,0.00011114,70.7878,R4
1048,言値,0.00011108,70.7989,R4
1049,それも,0.00011085,70.8099,R4
1050,ことになる,0.00011061,70.8210,R4
1051,裏,0.00011058,70.8321,R4
1052,甘い,0.00011052,70.8431,R4
1053,しっかり,0.00011044,70.8542,R4
1054,ばれる,0.00011041,70.8652,R4
1055,失う,0.00011035,70.8762,R4
1056,多飲,0.00011032,70.8873,R4
1057,覚悟,0.00011029,70.8983,R4
1058,紹介,0.00011029,70.9093,R4
1059,超,0.00011023,70.9203,R4
1060,望む,0.00011017,70.9314,R4
1061,デート,0.00010976,70.9423,R4
1062,お兄ちゃん,0.00010970,70.9533,R4
1063,描く,0.00010961,70.9643,R4
1064,回想,0.00010944,70.9752,R4
1065,ノック,0.00010935,70.9862,R4
1066,当然,0.00010929,70.9971,R4
1067,週間,0.00010917,71.0080,R4
1068,盗む,0.00010914,71.0189,R4
1069,貫,0.00010894,71.0298,R4
1070,残念,0.00010894,71.0407,R4
1071,関係ない,0.00010873,71.0516,R4
1072,くせに,0.00010870,71.0624,R4
1073,嫌い,0.00010867,71.0733,R4
1074,本當,0.00010867,71.0842,R4
1075,ことができる,0.00010865,71.0950,R4
1076,城,0.00010853,71.1059,R4
1077,何だか,0.00010844,71.1167,R4
1078,月,0.00010791,71.1275,R4
1079,嫌う,0.00010771,71.1383,R4
1080,真実,0.00010750,71.1491,R4
1081,ご存じ,0.00010735,71.1598,R4
1082,ありがと,0.00010733,71.1705,R4
1083,他派,0.00010730,71.1812,R4
1084,いな,0.00010727,71.1920,R4
1085,いかが,0.00010709,71.2027,R4
1086,外に,0.00010709,71.2134,R4
1087,迷惑,0.00010691,71.2241,R4
1088,恐らく,0.00010677,71.2348,R4
1089,病気,0.00010671,71.2454,R4
1090,振る,0.00010653,71.2561,R4
1091,無駄,0.00010650,71.2667,R4
1092,死,0.00010633,71.2774,R4
1093,足す,0.00010630,71.2880,R4
1094,映画,0.00010624,71.2986,R4
1095,絵,0.00010621,71.3092,R4
1096,着信音,0.00010583,71.3198,R4
1097,追う,0.00010583,71.3304,R4
1098,撃つ,0.00010580,71.3410,R4
1099,状態,0.00010580,71.3516,R4
1100,それでは,0.00010554,71.3621,R4
1101,妹,0.00010545,71.3727,R4
1102,かどうか,0.00010542,71.3832,R4
1103,というのは,0.00010527,71.3937,R4
1104,高校,0.00010524,71.4043,R4
1105,すげい,0.00010521,71.4148,R4
1106,騒ぐ,0.00010492,71.4253,R4
1107,もう少し,0.00010471,71.4357,R4
1108,何度も,0.00010416,71.4462,R4
1109,飽きる,0.00010386,71.4565,R4
1110,魚,0.00010348,71.4669,R4
1111,ご主人,0.00010301,71.4772,R4
1112,練習,0.00010298,71.4875,R4
1113,協力,0.00010278,71.4978,R4
1114,冗談,0.00010269,71.5080,R4
1115,美咲,0.00010237,71.5183,R4
1116,いろんな,0.00010225,71.5285,R4
1117,うーん,0.00010225,71.5387,R4
1118,何と,0.00010225,71.5490,R4
1119,梨,0.00010222,71.5592,R4
1120,連れる,0.00010216,71.5694,R4
1121,叩く,0.00010190,71.5796,R4
1122,看護師,0.00010187,71.5898,R4
1123,なきゃいけない,0.00010178,71.5999,R4
1124,おめでとう,0.00010175,71.6101,R4
1125,子ども,0.00010160,71.6203,R4
1126,あったら,0.00010152,71.6304,R4
1127,形,0.00010152,71.6406,R4
1128,手紙,0.00010152,71.6507,R4
1129,二死,0.00010152,71.6609,R4
1130,店員,0.00010146,71.6710,R4
1131,呼び出す,0.00010099,71.6811,R4
1132,怪我,0.00010096,71.6912,R4
1133,間に,0.00010096,71.7013,R4
1134,と言って,0.00010055,71.7114,R4
1135,際,0.00010055,71.7214,R4
1136,一生,0.00010049,71.7315,R4
1137,しばらく,0.00010043,71.7415,R4
1138,悩む,0.00010043,71.7516,R4
1139,がね,0.00010037,71.7616,R4
1140,彼ら,0.00010028,71.7716,R4
1141,そもそも,0.00010020,71.7817,R4
1142,読過,0.00010005,71.7917,R4
1143,会長,0.00009952,71.8016,R4
1144,字幕,0.00009940,71.8116,R4
1145,増田,0.00009934,71.8215,R4
1146,赤い,0.00009932,71.8314,R4
1147,二度と,0.00009932,71.8413,R4
1148,仕方ない,0.00009926,71.8513,R4
1149,俺達,0.00009911,71.8612,R4
1150,記者,0.00009908,71.8711,R4
1151,あう,0.00009870,71.8810,R4
1152,育てる,0.00009870,71.8908,R4
1153,おじさん,0.00009858,71.9007,R4
1154,なんだって,0.00009849,71.9105,R4
1155,鍵,0.00009838,71.9204,R4
1156,おく,0.00009832,71.9302,R4
1157,ようです,0.00009829,71.9400,R4
1158,抱く,0.00009794,71.9498,R4
1159,光る,0.00009785,71.9596,R4
1160,それと,0.00009767,71.9694,R4
1161,進む,0.00009761,71.9791,R4
1162,お世話になる,0.00009729,71.9889,R4
1163,素晴らしい,0.00009720,71.9986,R4
1164,面,0.00009706,72.0083,R4
1165,特別,0.00009700,72.0180,R4
1166,隣,0.00009697,72.0277,R4
1167,秘密,0.00009691,72.0374,R4
1168,万円,0.00009685,72.0471,R4
1169,丸い,0.00009682,72.0568,R4
1170,薬,0.00009679,72.0664,R4
1171,行う,0.00009662,72.0761,R4
1172,ところが,0.00009653,72.0857,R4
1173,まるで,0.00009647,72.0954,R4
1174,行ってくる,0.00009638,72.1050,R4
1175,それより,0.00009626,72.1147,R4
1176,楽,0.00009626,72.1243,R4
1177,お客様,0.00009621,72.1339,R4
1178,事実,0.00009618,72.1435,R4
1179,感謝,0.00009600,72.1531,R4
1180,血,0.00009600,72.1627,R4
1181,巽,0.00009594,72.1723,R4
1182,寂しい,0.00009582,72.1819,R4
1183,本人,0.00009579,72.1915,R4
1184,詳しい,0.00009571,72.2011,R4
1185,服,0.00009538,72.2106,R4
1186,いってきます,0.00009527,72.2201,R4
1187,取れる,0.00009524,72.2296,R4
1188,はっきり,0.00009518,72.2392,R4
1189,億,0.00009494,72.2487,R4
1190,お客さん,0.00009491,72.2581,R4
1191,殴る,0.00009489,72.2676,R4
1192,か月,0.00009486,72.2771,R4
1193,重い,0.00009483,72.2866,R4
1194,いきなり,0.00009480,72.2961,R4
1195,アール,0.00009459,72.3055,R4
1196,食事,0.00009459,72.3150,R4
1197,笑顔,0.00009450,72.3244,R4
1198,数,0.00009427,72.3339,R4
1199,傷,0.00009415,72.3433,R4
1200,泰斗,0.00009415,72.3527,R4
1201,記憶,0.00009409,72.3621,R4
1202,喜ぶ,0.00009406,72.3715,R4
1203,逆,0.00009392,72.3809,R4
1204,了解,0.00009392,72.3903,R4
1205,ゆけ,0.00009386,72.3997,R4
1206,乾杯,0.00009386,72.4091,R4
1207,麻,0.00009380,72.4185,R4
1208,上手くいく,0.00009365,72.4278,R4
1209,どうしよう,0.00009359,72.4372,R4
1210,腹,0.00009339,72.4465,R4
1211,あんまり,0.00009333,72.4559,R4
1212,佐藤,0.00009330,72.4652,R4
1213,例えば,0.00009330,72.4745,R4
1214,はある,0.00009327,72.4838,R4
1215,特に,0.00009318,72.4932,R4
1216,当たり前,0.00009315,72.5025,R4
1217,すでに,0.00009312,72.5118,R4
1218,酒,0.00009310,72.5211,R4
1219,念,0.00009310,72.5304,R4
1220,自由,0.00009298,72.5397,R4
1221,てるよ,0.00009286,72.5490,R4
1222,希望,0.00009271,72.5583,R4
1223,あのう,0.00009266,72.5675,R4
1224,御前,0.00009248,72.5768,R4
1225,本物,0.00009245,72.5860,R4
1226,あっち,0.00009230,72.5953,R4
1227,それじゃ,0.00009230,72.6045,R4
1228,赤ちゃん,0.00009216,72.6137,R4
1229,夫婦,0.00009210,72.6229,R4
1230,山田,0.00009204,72.6321,R4
1231,彫る,0.00009198,72.6413,R4
1232,この前,0.00009175,72.6505,R4
1233,運ぶ,0.00009172,72.6597,R4
1234,この間,0.00009157,72.6688,R4
1235,申し訳ありません,0.00009148,72.6780,R4
1236,気をつける,0.00009125,72.6871,R4
1237,原因,0.00009116,72.6962,R4
1238,大志,0.00009116,72.7053,R4
1239,代,0.00009107,72.7144,R4
1240,現れる,0.00009101,72.7235,R4
1241,仲,0.00009101,72.7326,R4
1242,応援,0.00009089,72.7417,R4
1243,ちっ,0.00009087,72.7508,R4
1244,どうしたん,0.00009087,72.7599,R4
1245,身,0.00009063,72.7690,R4
1246,切れる,0.00009037,72.7780,R4
1247,聞きたい,0.00009028,72.7870,R4
1248,２つ,0.00009016,72.7960,R4
1249,彼氏,0.00009007,72.8050,R4
1250,届く,0.00009004,72.8140,R4
1251,あおい,0.00008999,72.8230,R4
1252,もらい,0.00008999,72.8320,R4
1253,構う,0.00008981,72.8410,R4
1254,完全,0.00008978,72.8500,R4
1255,ご飯,0.00008972,72.8590,R4
1256,色,0.00008972,72.8679,R4
1257,ゆきます,0.00008969,72.8769,R4
1258,平気,0.00008943,72.8859,R4
1259,胸,0.00008937,72.8948,R4
1260,携帯電話,0.00008908,72.9037,R4
1261,落とす,0.00008905,72.9126,R4
1262,かなり,0.00008902,72.9215,R4
1263,解決,0.00008890,72.9304,R4
1264,歌う,0.00008887,72.9393,R4
1265,お茶,0.00008866,72.9481,R4
1266,あれば,0.00008864,72.9570,R4
1267,立派,0.00008852,72.9659,R4
1268,ゲーム,0.00008828,72.9747,R4
1269,さえ,0.00008828,72.9835,R4
1270,一応,0.00008825,72.9923,R4
1271,そのまま,0.00008805,73.0012,R4
1272,美しい,0.00008796,73.0099,R4
1273,僕ら,0.00008793,73.0187,R4
1274,誕生日,0.00008787,73.0275,R4
1275,模する,0.00008787,73.0363,R4
1276,限る,0.00008784,73.0451,R4
1277,だめだ,0.00008778,73.0539,R4
1278,求める,0.00008778,73.0627,R4
1279,成功,0.00008776,73.0714,R4
1280,裏切る,0.00008758,73.0802,R4
1281,我が,0.00008755,73.0889,R4
1282,漏る,0.00008749,73.0977,R4
1283,寒い,0.00008743,73.1064,R4
1284,集まる,0.00008734,73.1152,R4
1285,げ,0.00008723,73.1239,R4
1286,何にも,0.00008717,73.1326,R4
1287,自信,0.00008714,73.1413,R4
1288,船,0.00008705,73.1500,R4
1289,倒れる,0.00008705,73.1587,R4
1290,ふざく,0.00008702,73.1674,R4
1291,兄貴,0.00008690,73.1761,R4
1292,はもう,0.00008676,73.1848,R4
1293,起こる,0.00008652,73.1935,R4
1294,組,0.00008649,73.2021,R4
1295,檻,0.00008646,73.2108,R4
1296,目的,0.00008641,73.2194,R4
1297,理解,0.00008638,73.2280,R4
1298,産む,0.00008635,73.2367,R4
1299,こうする,0.00008620,73.2453,R4
1300,緑,0.00008620,73.2539,R4
1301,さらに,0.00008614,73.2625,R4
1302,教師,0.00008611,73.2711,R4
1303,痛っ,0.00008602,73.2797,R4
1304,杉,0.00008600,73.2883,R4
1305,でもある,0.00008585,73.2969,R4
1306,市,0.00008582,73.3055,R4
1307,火照る,0.00008570,73.3141,R4
1308,チャイム,0.00008555,73.3226,R4
1309,ように,0.00008555,73.3312,R4
1310,アメリカ,0.00008541,73.3397,R4
1311,借金,0.00008535,73.3483,R4
1312,ゆきましょう,0.00008532,73.3568,R4
1313,離す,0.00008532,73.3653,R4
1314,肉,0.00008529,73.3739,R4
1315,判断,0.00008520,73.3824,R4
1316,つい,0.00008514,73.3909,R4
1317,びっくり,0.00008514,73.3994,R4
1318,ここの,0.00008506,73.4079,R4
1319,人物,0.00008503,73.4164,R4
1320,池,0.00008503,73.4249,R4
1321,はずです,0.00008497,73.4334,R4
1322,おばあちゃん,0.00008488,73.4419,R4
1323,音楽,0.00008485,73.4504,R4
1324,減る,0.00008485,73.4589,R4
1325,おら,0.00008482,73.4673,R4
1326,期待,0.00008473,73.4758,R4
1327,殺人,0.00008467,73.4843,R4
1328,与える,0.00008467,73.4928,R4
1329,腕,0.00008467,73.5012,R4
1330,暇,0.00008450,73.5097,R4
1331,亡,0.00008441,73.5181,R4
1332,回る,0.00008435,73.5265,R4
1333,勝負,0.00008435,73.5350,R4
1334,遅れる,0.00008432,73.5434,R4
1335,私邸,0.00008426,73.5518,R4
1336,もらえる,0.00008423,73.5603,R4
1337,括弧,0.00008400,73.5687,R4
1338,ことな,0.00008397,73.5771,R4
1339,誰にも,0.00008397,73.5855,R4
1340,連中,0.00008397,73.5939,R4
1341,予定,0.00008394,73.6023,R4
1342,鈴木,0.00008394,73.6106,R4
1343,お父,0.00008388,73.6190,R4
1344,すると,0.00008385,73.6274,R4
1345,関わる,0.00008385,73.6358,R4
1346,恥ずかしい,0.00008385,73.6442,R4
1347,銀行,0.00008374,73.6526,R4
1348,代わる,0.00008344,73.6609,R4
1349,ぜひ,0.00008333,73.6692,R4
1350,預かる,0.00008330,73.6776,R4
1351,お休み,0.00008321,73.6859,R4
1352,異端,0.00008321,73.6942,R4
1353,いの,0.00008318,73.7025,R4
1354,もので,0.00008318,73.7108,R4
1355,質問,0.00008318,73.7192,R4
1356,計画,0.00008312,73.7275,R4
1357,思,0.00008306,73.7358,R4
1358,気分,0.00008283,73.7441,R4
1359,弟,0.00008271,73.7523,R4
1360,事務所,0.00008250,73.7606,R4
1361,人たち,0.00008250,73.7688,R4
1362,室,0.00008242,73.7771,R4
1363,いってらっしゃい,0.00008224,73.7853,R4
1364,偶然,0.00008200,73.7935,R4
1365,恨む,0.00008200,73.8017,R4
1366,最低,0.00008183,73.8099,R4
1367,主人,0.00008174,73.8181,R4
1368,おいて,0.00008171,73.8262,R4
1369,もうすぐ,0.00008159,73.8344,R4
1370,恋愛,0.00008159,73.8426,R4
1371,雪,0.00008151,73.8507,R4
1372,害意,0.00008148,73.8588,R4
1373,近い,0.00008148,73.8670,R4
1374,不安,0.00008148,73.8751,R4
1375,溶ける,0.00008148,73.8833,R4
1376,検査,0.00008145,73.8914,R4
1377,遣って見る,0.00008136,73.8996,R4
1378,足音,0.00008130,73.9077,R4
1379,立てる,0.00008130,73.9158,R4
1380,飯,0.00008121,73.9240,R4
1381,院長,0.00008118,73.9321,R4
1382,できて,0.00008104,73.9402,R4
1383,山里,0.00008104,73.9483,R4
1384,塀,0.00008098,73.9564,R4
1385,ありませんでした,0.00008086,73.9645,R4
1386,引く,0.00008080,73.9725,R4
1387,楠雄,0.00008071,73.9806,R4
1388,谷,0.00008066,73.9887,R4
1389,いいな,0.00008060,73.9967,R4
1390,父上,0.00008057,74.0048,R4
1391,捕まえる,0.00008051,74.0128,R4
1392,頑張り,0.00008033,74.0209,R4
1393,丘,0.00008016,74.0289,R4
1394,眠る,0.00007989,74.0369,R4
1395,瞳,0.00007978,74.0449,R4
1396,犯行,0.00007978,74.0528,R4
1397,話をする,0.00007972,74.0608,R4
1398,貴様,0.00007969,74.0688,R4
1399,姉,0.00007966,74.0767,R4
1400,目指す,0.00007954,74.0847,R4
1401,たまに,0.00007951,74.0927,R4
1402,現在,0.00007951,74.1006,R4
1403,今すぐ,0.00007951,74.1086,R4
1404,這う,0.00007951,74.1165,R4
1405,厳しい,0.00007945,74.1245,R4
1406,それとも,0.00007939,74.1324,R4
1407,棚,0.00007936,74.1403,R4
1408,喜んで,0.00007931,74.1483,R4
1409,流れる,0.00007928,74.1562,R4
1410,そいつ,0.00007916,74.1641,R4
1411,内容,0.00007907,74.1720,R4
1412,掴む,0.00007901,74.1799,R4
1413,役,0.00007901,74.1878,R4
1414,十,0.00007898,74.1957,R4
1415,知れる,0.00007889,74.2036,R4
1416,医師,0.00007878,74.2115,R4
1417,あー,0.00007851,74.2193,R4
1418,ならば,0.00007851,74.2272,R4
1419,襲う,0.00007848,74.2350,R4
1420,誠,0.00007840,74.2429,R4
1421,どんどん,0.00007834,74.2507,R4
1422,チャンス,0.00007831,74.2585,R4
1423,お待たせしました,0.00007828,74.2664,R4
1424,そのこと,0.00007822,74.2742,R4
1425,琴子,0.00007822,74.2820,R4
1426,あのね,0.00007813,74.2898,R4
1427,上原,0.00007813,74.2976,R4
1428,ぼくたち,0.00007804,74.3054,R4
1429,弱い,0.00007804,74.3132,R4
1430,その後,0.00007796,74.3210,R4
1431,おいおい,0.00007784,74.3288,R4
1432,星,0.00007781,74.3366,R4
1433,世の中,0.00007778,74.3444,R4
1434,南,0.00007772,74.3521,R4
1435,為さる,0.00007769,74.3599,R4
1436,余る,0.00007769,74.3677,R4
1437,いつでも,0.00007763,74.3755,R4
1438,と言われる,0.00007760,74.3832,R4
1439,押す,0.00007752,74.3910,R4
1440,でもない,0.00007749,74.3987,R4
1441,正しい,0.00007743,74.4065,R4
1442,テレビ,0.00007734,74.4142,R4
1443,行動,0.00007734,74.4219,R4
1444,本日,0.00007716,74.4296,R4
1445,例の,0.00007684,74.4373,R4
1446,雨,0.00007675,74.4450,R4
1447,係,0.00007675,74.4527,R4
1448,奥,0.00007666,74.4603,R4
1449,当時,0.00007661,74.4680,R4
1450,舞う,0.00007661,74.4757,R4
1451,恋人,0.00007655,74.4833,R4
1452,意外,0.00007649,74.4910,R4
1453,売れる,0.00007640,74.4986,R4
1454,てもいい,0.00007637,74.5062,R4
1455,銃声,0.00007637,74.5139,R4
1456,集める,0.00007620,74.5215,R4
1457,じゃあね,0.00007614,74.5291,R4
1458,我慢,0.00007611,74.5367,R4
1459,利用,0.00007602,74.5443,R4
1460,我ら,0.00007596,74.5519,R4
1461,村,0.00007593,74.5595,R4
1462,太鼓,0.00007584,74.5671,R4
1463,珍しい,0.00007578,74.5747,R4
1464,記事,0.00007576,74.5823,R4
1465,ても,0.00007573,74.5898,R4
1466,署,0.00007570,74.5974,R4
1467,年間,0.00007564,74.6050,R4
1468,青い,0.00007558,74.6125,R4
1469,気を付ける,0.00007546,74.6201,R4
1470,運命,0.00007540,74.6276,R4
1471,着信,0.00007532,74.6351,R4
1472,お帰りなさい,0.00007526,74.6427,R4
1473,周り,0.00007511,74.6502,R4
1474,都,0.00007508,74.6577,R4
1475,佳,0.00007496,74.6652,R4
1476,受け取る,0.00007488,74.6727,R4
1477,子供たち,0.00007485,74.6801,R4
1478,開閉,0.00007479,74.6876,R4
1479,潰す,0.00007473,74.6951,R4
1480,菜緒,0.00007452,74.7026,R4
1481,紺,0.00007446,74.7100,R4
1482,申し訳ない,0.00007446,74.7174,R4
1483,例える,0.00007438,74.7249,R4
1484,伯母,0.00007429,74.7323,R4
1485,ではないか,0.00007426,74.7397,R4
1486,江戸,0.00007426,74.7472,R4
1487,頂戴,0.00007426,74.7546,R4
1488,面倒,0.00007426,74.7620,R4
1489,私用,0.00007423,74.7694,R4
1490,その通り,0.00007414,74.7769,R4
1491,注,0.00007414,74.7843,R4
1492,小さい,0.00007411,74.7917,R4
1493,手に入れる,0.00007408,74.7991,R4
1494,成す,0.00007397,74.8065,R4
1495,３日,0.00007394,74.8139,R4
1496,さっさと,0.00007394,74.8213,R4
1497,２人とも,0.00007382,74.8287,R4
1498,深い,0.00007379,74.8360,R4
1499,我,0.00007373,74.8434,R4
1500,ことになった,0.00007370,74.8508,R4
1501,シャッター,0.00007367,74.8581,R4
1502,稲,0.00007361,74.8655,R4
1503,大した,0.00007353,74.8729,R4
1504,夕,0.00007350,74.8802,R4
1505,銭,0.00007344,74.8875,R4
1506,ねこ,0.00007332,74.8949,R4
1507,キス,0.00007329,74.9022,R4
1508,事情,0.00007309,74.9095,R4
1509,下がる,0.00007306,74.9168,R4
1510,契約,0.00007306,74.9241,R4
1511,主,0.00007306,74.9314,R4
1512,触る,0.00007306,74.9387,R4
1513,苦しむ,0.00007291,74.9460,R4
1514,可哀相,0.00007279,74.9533,R4
1515,警察官,0.00007279,74.9606,R4
1516,しました,0.00007270,74.9679,R4
1517,真似る,0.00007270,74.9751,R4
1518,分からん,0.00007270,74.9824,R4
1519,かなって,0.00007267,74.9897,R4
1520,田中,0.00007262,74.9969,R4
1521,できません,0.00007253,75.0042,R4
1522,よかったら,0.00007253,75.0114,R4
1523,戸,0.00007250,75.0187,R4
1524,曲,0.00007241,75.0259,R4
1525,ちょうど,0.00007223,75.0332,R4
1526,カメラ,0.00007221,75.0404,R4
1527,だい,0.00007215,75.0476,R4
1528,小さな,0.00007206,75.0548,R4
1529,納得,0.00007206,75.0620,R4
1530,こんばんは,0.00007200,75.0692,R4
1531,健太,0.00007200,75.0764,R4
1532,農地,0.00007200,75.0836,R4
1533,後悔,0.00007194,75.0908,R4
1534,パーティー,0.00007191,75.0980,R4
1535,代わりに,0.00007188,75.1052,R4
1536,まずい,0.00007177,75.1123,R4
1537,研究,0.00007171,75.1195,R4
1538,止まる,0.00007171,75.1267,R4
1539,増える,0.00007168,75.1339,R4
1540,店長,0.00007165,75.1410,R4
1541,プロ,0.00007162,75.1482,R4
1542,お祖父ちゃん,0.00007159,75.1553,R4
1543,ゆかない,0.00007156,75.1625,R4
1544,調査,0.00007156,75.1697,R4
1545,敷く,0.00007153,75.1768,R4
1546,君たち,0.00007147,75.1840,R4
1547,信用,0.00007135,75.1911,R4
1548,エッチ,0.00007127,75.1982,R4
1549,埋める,0.00007127,75.2053,R4
1550,個,0.00007121,75.2125,R4
1551,今後,0.00007121,75.2196,R4
1552,褐炭,0.00007103,75.2267,R4
1553,翔,0.00007103,75.2338,R4
1554,陪都,0.00007094,75.2409,R4
1555,途中,0.00007091,75.2480,R4
1556,えな,0.00007086,75.2551,R4
1557,靴,0.00007071,75.2621,R4
1558,静か,0.00007071,75.2692,R4
1559,そうなんです,0.00007065,75.2763,R4
1560,現実,0.00007065,75.2833,R4
1561,味方,0.00007062,75.2904,R4
1562,気に入る,0.00007059,75.2975,R4
1563,田村,0.00007059,75.3045,R4
1564,俺ら,0.00007047,75.3116,R4
1565,勇気,0.00007047,75.3186,R4
1566,届ける,0.00007033,75.3256,R4
1567,焼く,0.00007012,75.3327,R4
1568,選る,0.00007009,75.3397,R4
1569,涙,0.00007009,75.3467,R4
1570,申し訳,0.00007003,75.3537,R4
1571,作品,0.00007000,75.3607,R4
1572,工場,0.00006992,75.3677,R4
1573,マスター,0.00006989,75.3747,R4
1574,証言,0.00006989,75.3816,R4
1575,銃,0.00006986,75.3886,R4
1576,毎,0.00006986,75.3956,R4
1577,トイレ,0.00006980,75.4026,R4
1578,決する,0.00006980,75.4096,R4
1579,刺す,0.00006977,75.4166,R4
1580,出合う,0.00006977,75.4235,R4
1581,悲しい,0.00006977,75.4305,R4
1582,森,0.00006971,75.4375,R4
1583,データ,0.00006968,75.4444,R4
1584,えらい,0.00006965,75.4514,R4
1585,鳴き声,0.00006965,75.4584,R4
1586,玉,0.00006956,75.4653,R4
1587,最悪,0.00006956,75.4723,R4
1588,同化,0.00006954,75.4792,R4
1589,直す,0.00006945,75.4862,R4
1590,火傷,0.00006942,75.4931,R4
1591,あいつら,0.00006939,75.5001,R4
1592,でかい,0.00006939,75.5070,R4
1593,経験,0.00006939,75.5139,R4
1594,やれ,0.00006936,75.5209,R4
1595,意識,0.00006924,75.5278,R4
1596,履く,0.00006921,75.5347,R4
1597,調子,0.00006907,75.5416,R4
1598,出ていく,0.00006895,75.5485,R4
1599,稲架,0.00006883,75.5554,R4
1600,頼る,0.00006880,75.5623,R4
1601,興味,0.00006877,75.5692,R4
1602,抜く,0.00006863,75.5760,R4
1603,あげ,0.00006854,75.5829,R4
1604,間に合う,0.00006854,75.5897,R4
1605,指紋,0.00006851,75.5966,R4
1606,ことになって,0.00006848,75.6034,R4
1607,進める,0.00006839,75.6103,R4
1608,其の為,0.00006836,75.6171,R4
1609,警視庁,0.00006824,75.6239,R4
1610,種,0.00006824,75.6308,R4
1611,兄さん,0.00006822,75.6376,R4
1612,春,0.00006816,75.6444,R4
1613,あげた,0.00006813,75.6512,R4
1614,さて,0.00006813,75.6580,R4
1615,取材,0.00006813,75.6648,R4
1616,愧赧,0.00006813,75.6717,R4
1617,近づく,0.00006807,75.6785,R4
1618,これまで,0.00006789,75.6852,R4
1619,てめえ,0.00006780,75.6920,R4
1620,犯罪,0.00006775,75.6988,R4
1621,包む,0.00006757,75.7056,R4
1622,治療,0.00006751,75.7123,R4
1623,ほとんど,0.00006748,75.7191,R4
1624,おいで,0.00006745,75.7258,R4
1625,苦労,0.00006745,75.7326,R4
1626,皮,0.00006745,75.7393,R4
1627,塚,0.00006742,75.7460,R4
1628,コーヒー,0.00006728,75.7528,R4
1629,といった,0.00006725,75.7595,R4
1630,迷う,0.00006722,75.7662,R4
1631,合わせる,0.00006713,75.7729,R4
1632,そうする,0.00006695,75.7796,R4
1633,外す,0.00006692,75.7863,R4
1634,王,0.00006681,75.7930,R4
1635,指示,0.00006681,75.7997,R4
1636,そうなんですか,0.00006678,75.8064,R4
1637,プレゼント,0.00006675,75.8130,R4
1638,ようにする,0.00006675,75.8197,R4
1639,相変わらず,0.00006663,75.8264,R4
1640,岩,0.00006651,75.8330,R4
1641,大体,0.00006645,75.8397,R4
1642,総出,0.00006643,75.8463,R4
1643,参加,0.00006640,75.8529,R4
1644,褒める,0.00006637,75.8596,R4
1645,箸,0.00006631,75.8662,R4
1646,美月,0.00006628,75.8728,R4
1647,厘,0.00006619,75.8795,R4
1648,怪しい,0.00006613,75.8861,R4
1649,想像,0.00006607,75.8927,R4
1650,直接,0.00006604,75.8993,R4
1651,たった,0.00006601,75.9059,R4
1652,奥様,0.00006599,75.9125,R4
1653,巻き込む,0.00006584,75.9191,R4
1654,山下,0.00006578,75.9256,R4
1655,言い方,0.00006575,75.9322,R4
1656,探偵,0.00006572,75.9388,R4
1657,時には,0.00006569,75.9454,R4
1658,何の,0.00006563,75.9519,R4
1659,今朝,0.00006557,75.9585,R4
1660,氏,0.00006555,75.9650,R4
1661,完璧,0.00006549,75.9716,R4
1662,もしかしたら,0.00006543,75.9781,R4
1663,営業,0.00006534,75.9847,R4
1664,勝る,0.00006534,75.9912,R4
1665,気がする,0.00006519,75.9977,R4
1666,古い,0.00006519,76.0042,R4
1667,浮気,0.00006519,76.0108,R4
1668,優秀,0.00006519,76.0173,R4
1669,１日,0.00006508,76.0238,R4
1670,お互い,0.00006508,76.0303,R4
1671,だっけ,0.00006508,76.0368,R4
1672,将来,0.00006499,76.0433,R4
1673,記録,0.00006490,76.0498,R4
1674,合,0.00006490,76.0563,R4
1675,園,0.00006481,76.0628,R4
1676,安い,0.00006472,76.0692,R4
1677,こうやって,0.00006467,76.0757,R4
1678,持てる,0.00006467,76.0822,R4
1679,茹だる,0.00006467,76.0886,R4
1680,ついに,0.00006464,76.0951,R4
1681,試合,0.00006464,76.1016,R4
1682,早速,0.00006458,76.1080,R4
1683,あかね,0.00006455,76.1145,R4
1684,資料,0.00006452,76.1209,R4
1685,あたり,0.00006449,76.1274,R4
1686,男子,0.00006446,76.1338,R4
1687,実家,0.00006440,76.1403,R4
1688,やら,0.00006437,76.1467,R4
1689,零,0.00006420,76.1531,R4
1690,真面目,0.00006411,76.1595,R4
1691,岡部,0.00006405,76.1659,R4
1692,証明,0.00006405,76.1723,R4
1693,通,0.00006405,76.1787,R4
1694,討つ,0.00006405,76.1851,R4
1695,過ごす,0.00006402,76.1915,R4
1696,薫,0.00006402,76.1979,R4
1697,映像,0.00006396,76.2043,R4
1698,後に,0.00006396,76.2107,R4
1699,階,0.00006393,76.2171,R4
1700,通り,0.00006393,76.2235,R4
1701,まだまだ,0.00006387,76.2299,R4
1702,無線,0.00006381,76.2363,R4
1703,午後,0.00006376,76.2427,R4
1704,反対,0.00006349,76.2490,R4
1705,番組,0.00006346,76.2554,R4
1706,検事,0.00006334,76.2617,R4
1707,香る,0.00006334,76.2680,R4
1708,依頼,0.00006332,76.2744,R4
1709,入江,0.00006329,76.2807,R4
1710,御簾,0.00006323,76.2870,R4
1711,訴える,0.00006320,76.2933,R4
1712,軟化,0.00006320,76.2997,R4
1713,もらおう,0.00006317,76.3060,R4
1714,退ける,0.00006314,76.3123,R4
1715,お宅,0.00006311,76.3186,R4
1716,近藤,0.00006311,76.3249,R4
1717,役に立つ,0.00006305,76.3312,R4
1718,新,0.00006299,76.3375,R4
1719,ころ,0.00006293,76.3438,R4
1720,相当,0.00006293,76.3501,R4
1721,不思議,0.00006293,76.3564,R4
1722,ども,0.00006290,76.3627,R4
1723,死亡,0.00006290,76.3690,R4
1724,にゃ,0.00006288,76.3753,R4
1725,自宅,0.00006273,76.3815,R4
1726,タイプ,0.00006270,76.3878,R4
1727,美,0.00006261,76.3941,R4
1728,死体,0.00006252,76.4003,R4
1729,入院,0.00006249,76.4066,R4
1730,伯母さん,0.00006249,76.4128,R4
1731,加藤,0.00006235,76.4190,R4
1732,両親,0.00006235,76.4253,R4
1733,作戦,0.00006229,76.4315,R4
1734,裔,0.00006229,76.4377,R4
1735,他人,0.00006223,76.4440,R4
1736,蹴る,0.00006217,76.4502,R4
1737,卒業,0.00006217,76.4564,R4
1738,倒す,0.00006211,76.4626,R4
1739,泊まる,0.00006211,76.4688,R4
1740,ぱ,0.00006202,76.4750,R4
1741,だの,0.00006200,76.4812,R4
1742,っぽい,0.00006200,76.4874,R4
1743,あんなに,0.00006197,76.4936,R4
1744,御陰,0.00006194,76.4998,R4
1745,蛸,0.00006194,76.5060,R4
1746,返事,0.00006194,76.5122,R4
1747,しょうがない,0.00006182,76.5184,R4
1748,どちら,0.00006179,76.5246,R4
1749,スタッフ,0.00006176,76.5307,R4
1750,穴,0.00006173,76.5369,R4
1751,受け入れる,0.00006173,76.5431,R4
1752,これだけ,0.00006170,76.5493,R4
1753,立場,0.00006167,76.5554,R4
1754,馬場,0.00006164,76.5616,R4
1755,ネット,0.00006161,76.5677,R4
1756,之,0.00006161,76.5739,R4
1757,になると,0.00006150,76.5801,R4
1758,上司,0.00006144,76.5862,R4
1759,部下,0.00006144,76.5923,R4
1760,何でもない,0.00006141,76.5985,R4
1761,能力,0.00006141,76.6046,R4
1762,掛ける,0.00006135,76.6108,R4
1763,稼ぐ,0.00006132,76.6169,R4
1764,男の子,0.00006129,76.6230,R4
1765,芯,0.00006123,76.6291,R4
1766,英語,0.00006117,76.6353,R4
1767,パン,0.00006114,76.6414,R4
1768,親子,0.00006097,76.6475,R4
1769,組織,0.00006097,76.6536,R4
1770,足りる,0.00006097,76.6597,R4
1771,ちなみに,0.00006094,76.6658,R4
1772,おふくろ,0.00006088,76.6719,R4
1773,ついてる,0.00006088,76.6779,R4
1774,正義,0.00006088,76.6840,R4
1775,猛威,0.00006088,76.6901,R4
1776,したい,0.00006085,76.6962,R4
1777,嫁,0.00006085,76.7023,R4
1778,改める,0.00006085,76.7084,R4
1779,歓声,0.00006085,76.7145,R4
1780,傘,0.00006082,76.7205,R4
1781,母ちゃん,0.00006073,76.7266,R4
1782,心臓,0.00006067,76.7327,R4
1783,回す,0.00006062,76.7387,R4
1784,やあ,0.00006059,76.7448,R4
1785,異様,0.00006059,76.7509,R4
1786,慣れる,0.00006056,76.7569,R4
1787,迎える,0.00006053,76.7630,R4
1788,着く,0.00006050,76.7690,R4
1789,矢口,0.00006050,76.7751,R4
1790,思い出,0.00006047,76.7811,R4
1791,かかる,0.00006038,76.7872,R4
1792,息,0.00006035,76.7932,R4
1793,意見,0.00006026,76.7992,R4
1794,ばい,0.00006023,76.8052,R4
1795,白石,0.00006023,76.8113,R4
1796,橘,0.00006021,76.8173,R4
1797,儀,0.00006018,76.8233,R4
1798,痛む,0.00006015,76.8293,R4
1799,翔る,0.00006012,76.8353,R4
1800,おいし,0.00006009,76.8413,R4
1801,ついて,0.00006009,76.8473,R4
1802,みつかった,0.00006009,76.8533,R4
1803,軽い,0.00006006,76.8594,R4
1804,苦しい,0.00005994,76.8653,R4
1805,要約,0.00005991,76.8713,R4
1806,泉,0.00005985,76.8773,R4
1807,正解,0.00005977,76.8833,R4
1808,旅,0.00005971,76.8893,R4
1809,らの,0.00005968,76.8952,R4
1810,支える,0.00005968,76.9012,R4
1811,直,0.00005968,76.9072,R4
1812,としては,0.00005965,76.9131,R4
1813,宋,0.00005965,76.9191,R4
1814,下手,0.00005962,76.9251,R4
1815,命令,0.00005959,76.9310,R4
1816,お酒,0.00005956,76.9370,R4
1817,と言うか,0.00005947,76.9429,R4
1818,本々,0.00005947,76.9489,R4
1819,どうでもいい,0.00005938,76.9548,R4
1820,かかって,0.00005930,76.9607,R4
1821,おっしゃって,0.00005927,76.9667,R4
1822,以前,0.00005921,76.9726,R4
1823,そのよう,0.00005912,76.9785,R4
1824,間違える,0.00005912,76.9844,R4
1825,安全,0.00005903,76.9903,R4
1826,娘さん,0.00005900,76.9962,R4
1827,バー,0.00005897,77.0021,R4
1828,右,0.00005897,77.0080,R4
1829,春子,0.00005897,77.0139,R4
1830,いよいよ,0.00005891,77.0198,R4
1831,富む,0.00005889,77.0257,R4
1832,向く,0.00005883,77.0316,R4
1833,ていうか,0.00005880,77.0375,R4
1834,汚い,0.00005877,77.0433,R4
1835,ったく,0.00005874,77.0492,R4
1836,従業員,0.00005865,77.0551,R4
1837,がる,0.00005856,77.0609,R4
1838,やり方,0.00005844,77.0668,R4
1839,一日,0.00005842,77.0726,R4
1840,徳井,0.00005842,77.0785,R4
1841,摩する,0.00005833,77.0843,R4
1842,ドクター,0.00005827,77.0901,R4
1843,苦手,0.00005824,77.0959,R4
1844,すみれ,0.00005818,77.1018,R4
1845,開発,0.00005815,77.1076,R4
1846,左,0.00005812,77.1134,R4
1847,やります,0.00005809,77.1192,R4
1848,蘭,0.00005806,77.1250,R4
1849,爆弾,0.00005803,77.1308,R4
1850,一切,0.00005800,77.1366,R4
1851,まあまあ,0.00005795,77.1424,R4
1852,挨拶,0.00005792,77.1482,R4
1853,足る,0.00005789,77.1540,R4
1854,実る,0.00005783,77.1598,R4
1855,よろしい,0.00005777,77.1655,R4
1856,校長,0.00005777,77.1713,R4
1857,申し上げる,0.00005777,77.1771,R4
1858,さすがに,0.00005774,77.1829,R4
1859,居場所,0.00005768,77.1886,R4
1860,ようだ,0.00005765,77.1944,R4
1861,とっても,0.00005762,77.2002,R4
1862,裁判,0.00005762,77.2059,R4
1863,壊す,0.00005751,77.2117,R4
1864,息子さん,0.00005751,77.2174,R4
1865,分んない,0.00005748,77.2232,R4
1866,誤解,0.00005745,77.2289,R4
1867,やり直す,0.00005742,77.2347,R4
1868,勘違い,0.00005739,77.2404,R4
1869,ご苦労さま,0.00005736,77.2461,R4
1870,人々,0.00005718,77.2519,R4
1871,粗野,0.00005718,77.2576,R4
1872,企画,0.00005715,77.2633,R4
1873,いえいえ,0.00005710,77.2690,R4
1874,淳,0.00005710,77.2747,R4
1875,耐える,0.00005710,77.2804,R4
1876,条件,0.00005704,77.2861,R4
1877,大門,0.00005704,77.2918,R4
1878,号,0.00005701,77.2975,R4
1879,ありえない,0.00005695,77.3032,R4
1880,だからって,0.00005692,77.3089,R4
1881,溜まる,0.00005692,77.3146,R4
1882,格好,0.00005686,77.3203,R4
1883,秒,0.00005686,77.3260,R4
1884,育つ,0.00005674,77.3316,R4
1885,県下,0.00005674,77.3373,R4
1886,方が良い,0.00005674,77.3430,R4
1887,汝,0.00005668,77.3487,R4
1888,人質,0.00005660,77.3543,R4
1889,踊る,0.00005660,77.3600,R4
1890,掃除,0.00005657,77.3656,R4
1891,よかったです,0.00005651,77.3713,R4
1892,扱う,0.00005648,77.3769,R4
1893,お姉さん,0.00005645,77.3826,R4
1894,ガキ,0.00005642,77.3882,R4
1895,いらっしゃる,0.00005636,77.3939,R4
1896,すまん,0.00005636,77.3995,R4
1897,坂本,0.00005636,77.4051,R4
1898,撮影,0.00005636,77.4108,R4
1899,もんで,0.00005633,77.4164,R4
1900,流す,0.00005630,77.4220,R4
1901,達也,0.00005619,77.4277,R4
1902,有名,0.00005610,77.4333,R4
1903,今更,0.00005607,77.4389,R4
1904,織田,0.00005604,77.4445,R4
1905,努力,0.00005604,77.4501,R4
1906,瞬間,0.00005601,77.4557,R4
1907,不倫,0.00005595,77.4613,R4
1908,悪魔,0.00005589,77.4669,R4
1909,盤,0.00005589,77.4725,R4
1910,壁,0.00005589,77.4780,R4
1911,文句,0.00005586,77.4836,R4
1912,まさに,0.00005575,77.4892,R4
1913,洗う,0.00005575,77.4948,R4
1914,偶々,0.00005572,77.5003,R4
1915,社,0.00005569,77.5059,R4
1916,不利,0.00005569,77.5115,R4
1917,あかん,0.00005566,77.5171,R4
1918,どんなに,0.00005557,77.5226,R4
1919,先日,0.00005557,77.5282,R4
1920,試す,0.00005554,77.5337,R4
1921,ベル,0.00005551,77.5393,R4
1922,位,0.00005551,77.5448,R4
1923,班,0.00005542,77.5504,R4
1924,下る,0.00005539,77.5559,R4
1925,発表,0.00005539,77.5614,R4
1926,気持,0.00005531,77.5670,R4
1927,御飯,0.00005522,77.5725,R4
1928,復讐,0.00005522,77.5780,R4
1929,阿呆,0.00005519,77.5835,R4
1930,老爺,0.00005519,77.5891,R4
1931,ほんの,0.00005516,77.5946,R4
1932,寺,0.00005516,77.6001,R4
1933,らし,0.00005513,77.6056,R4
1934,マンション,0.00005510,77.6111,R4
1935,先ほど,0.00005510,77.6166,R4
1936,秀吉,0.00005507,77.6221,R4
1937,場,0.00005507,77.6276,R4
1938,悔しい,0.00005501,77.6331,R4
1939,ばっか,0.00005498,77.6386,R4
1940,徳川,0.00005498,77.6441,R4
1941,及ぶ,0.00005492,77.6496,R4
1942,遠藤,0.00005489,77.6551,R4
1943,席,0.00005487,77.6606,R4
1944,遠い,0.00005475,77.6661,R4
1945,いいや,0.00005472,77.6715,R4
1946,一生懸命,0.00005472,77.6770,R4
1947,一帯,0.00005469,77.6825,R4
1948,とん,0.00005463,77.6880,R4
1949,ふう,0.00005460,77.6934,R4
1950,姉ちゃん,0.00005460,77.6989,R4
1951,こりゃ,0.00005454,77.7043,R4
1952,毒,0.00005451,77.7098,R4
1953,冷たい,0.00005443,77.7152,R4
1954,煮る,0.00005440,77.7207,R4
1955,太一,0.00005440,77.7261,R4
1956,編む,0.00005440,77.7315,R4
1957,抜ける,0.00005437,77.7370,R4
1958,割る,0.00005431,77.7424,R4
1959,緊張,0.00005431,77.7478,R4
1960,浮く,0.00005431,77.7533,R4
1961,手痛い,0.00005428,77.7587,R4
1962,神様,0.00005428,77.7641,R4
1963,係長,0.00005416,77.7695,R4
1964,悲鳴,0.00005416,77.7750,R4
1965,何もない,0.00005410,77.7804,R4
1966,感情,0.00005407,77.7858,R4
1967,連れてくる,0.00005407,77.7912,R4
1968,お話し,0.00005399,77.7966,R4
1969,たわ,0.00005396,77.8020,R4
1970,おめでとうございます,0.00005387,77.8074,R4
1971,桜井,0.00005387,77.8127,R4
1972,守,0.00005384,77.8181,R4
1973,語彙,0.00005381,77.8235,R4
1974,もらえません,0.00005366,77.8289,R4
1975,２時,0.00005363,77.8342,R4
1976,至る,0.00005360,77.8396,R4
1977,新た,0.00005360,77.8450,R4
1978,量,0.00005355,77.8503,R4
1979,陽子,0.00005352,77.8557,R4
1980,原,0.00005349,77.8610,R4
1981,自ら,0.00005349,77.8664,R4
1982,主任,0.00005346,77.8717,R4
1983,夏目,0.00005340,77.8771,R4
1984,商品,0.00005340,77.8824,R4
1985,学生,0.00005334,77.8877,R4
1986,抱える,0.00005334,77.8931,R4
1987,それなら,0.00005331,77.8984,R4
1988,と思われる,0.00005331,77.9037,R4
1989,荷物,0.00005328,77.9091,R4
1990,チーム,0.00005322,77.9144,R4
1991,雑誌,0.00005322,77.9197,R4
1992,びる,0.00005319,77.9250,R4
1993,戊,0.00005316,77.9303,R4
1994,懐かしい,0.00005308,77.9356,R4
1995,すご,0.00005305,77.9409,R4
1996,ファン,0.00005305,77.9462,R4
1997,最後まで,0.00005305,77.9516,R4
1998,無くす,0.00005305,77.9569,R4
1999,いつまで,0.00005299,77.9622,R4
2000,後ろ,0.00005299,77.9675,R4
2001,大地,0.00005293,77.9727,R4
2002,アーッ,0.00005287,77.9780,R4
2003,鬼,0.00005287,77.9833,R4
2004,剣,0.00005284,77.9886,R4
2005,立花,0.00005281,77.9939,R4
2006,ドル,0.00005278,77.9992,R4
2007,経営,0.00005278,78.0044,R4
2008,ケーキ,0.00005272,78.0097,R4
2009,普段,0.00005272,78.0150,R4
2010,めっちゃ,0.00005258,78.0202,R4
2011,具合,0.00005258,78.0255,R4
2012,告白,0.00005249,78.0308,R4
2013,青柳,0.00005249,78.0360,R4
2014,いつまでも,0.00005246,78.0412,R4
2015,愛してる,0.00005243,78.0465,R4
2016,学ぶ,0.00005240,78.0517,R4
2017,取り戻す,0.00005237,78.0570,R4
2018,いい人,0.00005234,78.0622,R4
2019,しないで,0.00005231,78.0674,R4
2020,そちら,0.00005220,78.0727,R4
2021,戦争,0.00005217,78.0779,R4
2022,是,0.00005211,78.0831,R4
2023,寧ろ,0.00005211,78.0883,R4
2024,どく,0.00005208,78.0935,R4
2025,とんでもない,0.00005208,78.0987,R4
2026,いずれ,0.00005205,78.1039,R4
2027,何年,0.00005199,78.1091,R4
2028,半年,0.00005199,78.1143,R4
2029,確かめる,0.00005193,78.1195,R4
2030,死因,0.00005193,78.1247,R4
2031,人気,0.00005184,78.1299,R4
2032,億円,0.00005181,78.1351,R4
2033,速い,0.00005181,78.1402,R4
2034,なお,0.00005178,78.1454,R4
2035,監督,0.00005178,78.1506,R4
2036,漫画,0.00005173,78.1558,R4
2037,会議,0.00005170,78.1609,R4
2038,脅す,0.00005170,78.1661,R4
2039,戻す,0.00005170,78.1713,R4
2040,継ぐ,0.00005167,78.1764,R4
2041,あっこ,0.00005161,78.1816,R4
2042,お礼,0.00005161,78.1868,R4
2043,早苗,0.00005152,78.1919,R4
2044,友人,0.00005149,78.1971,R4
2045,少ない,0.00005146,78.2022,R4
2046,才能,0.00005143,78.2074,R4
2047,性,0.00005143,78.2125,R4
2048,ことはない,0.00005140,78.2176,R4
2049,ビール,0.00005140,78.2228,R4
2050,お嬢さん,0.00005132,78.2279,R4
2051,有難い,0.00005129,78.2330,R4
2052,重要,0.00005126,78.2382,R4
2053,承知,0.00005126,78.2433,R4
2054,総社,0.00005123,78.2484,R4
2055,ようになった,0.00005120,78.2535,R4
2056,急,0.00005114,78.2587,R4
2057,世間,0.00005111,78.2638,R4
2058,お方,0.00005108,78.2689,R4
2059,寄る,0.00005108,78.2740,R4
2060,空気,0.00005108,78.2791,R4
2061,奇跡,0.00005105,78.2842,R4
2062,技術,0.00005102,78.2893,R4
2063,物がある,0.00005102,78.2944,R4
2064,言うとおり,0.00005099,78.2995,R4
2065,揃う,0.00005099,78.3046,R4
2066,趣味,0.00005096,78.3097,R4
2067,バイブレーター,0.00005090,78.3148,R4
2068,馬,0.00005088,78.3199,R4
2069,いか,0.00005085,78.3250,R4
2070,おや,0.00005085,78.3300,R4
2071,せめて,0.00005085,78.3351,R4
2072,どれだけ,0.00005085,78.3402,R4
2073,可能,0.00005082,78.3453,R4
2074,仕掛ける,0.00005079,78.3504,R4
2075,ああいう,0.00005076,78.3554,R4
2076,堂,0.00005064,78.3605,R4
2077,一歩,0.00005061,78.3656,R4
2078,おっさん,0.00005058,78.3706,R4
2079,よくない,0.00005055,78.3757,R4
2080,結婚式,0.00005055,78.3807,R4
2081,絡む,0.00005049,78.3858,R4
2082,女房,0.00005046,78.3908,R4
2083,仁,0.00005041,78.3959,R4
2084,に対して,0.00005038,78.4009,R4
2085,授業,0.00005038,78.4059,R4
2086,拾う,0.00005038,78.4110,R4
2087,隠れる,0.00005035,78.4160,R4
2088,来週,0.00005035,78.4211,R4
2089,夫れ夫れ,0.00005029,78.4261,R4
2090,ましょ,0.00005020,78.4311,R4
2091,しな,0.00005017,78.4361,R4
2092,わあ,0.00005017,78.4411,R4
2093,価値,0.00005011,78.4462,R4
2094,この世,0.00005002,78.4512,R4
2095,曹,0.00004997,78.4562,R4
2096,長谷川,0.00004997,78.4611,R4
2097,理子,0.00004994,78.4661,R4
2098,よろしいです,0.00004991,78.4711,R4
2099,真田,0.00004991,78.4761,R4
2100,公園,0.00004988,78.4811,R4
2101,避ける,0.00004988,78.4861,R4
2102,旭,0.00004979,78.4911,R4
2103,頑張る,0.00004976,78.4961,R4
2104,龍馬,0.00004964,78.5010,R4
2105,世,0.00004961,78.5060,R4
2106,人がいい,0.00004958,78.5109,R4
2107,謎,0.00004955,78.5159,R4
2108,派手,0.00004944,78.5208,R4
2109,法外,0.00004941,78.5258,R4
2110,む,0.00004932,78.5307,R4
2111,殿下,0.00004932,78.5356,R4
2112,けっこうです,0.00004926,78.5406,R4
2113,癖,0.00004926,78.5455,R4
2114,お兄さん,0.00004923,78.5504,R4
2115,詐欺,0.00004920,78.5553,R4
2116,明かり,0.00004917,78.5603,R4
2117,できます,0.00004914,78.5652,R4
2118,完成,0.00004914,78.5701,R4
2119,孫,0.00004914,78.5750,R4
2120,こちらこそ,0.00004909,78.5799,R4
2121,火,0.00004906,78.5848,R4
2122,繰り返す,0.00004903,78.5897,R4
2123,美人,0.00004900,78.5946,R4
2124,ダメな,0.00004885,78.5995,R4
2125,引っ越す,0.00004873,78.6044,R4
2126,揺る,0.00004873,78.6092,R4
2127,なさい,0.00004870,78.6141,R4
2128,いつもの,0.00004865,78.6190,R4
2129,警部,0.00004862,78.6238,R4
2130,耳,0.00004862,78.6287,R4
2131,静,0.00004862,78.6336,R4
2132,侑哉,0.00004862,78.6384,R4
2133,当てる,0.00004859,78.6433,R4
2134,果たす,0.00004856,78.6481,R4
2135,近所,0.00004856,78.6530,R4
2136,お母ちゃん,0.00004853,78.6578,R4
2137,着替える,0.00004853,78.6627,R4
2138,見事,0.00004847,78.6675,R4
2139,弥生,0.00004844,78.6724,R4
2140,容疑者,0.00004844,78.6772,R4
2141,もらえます,0.00004832,78.6821,R4
2142,軍,0.00004832,78.6869,R4
2143,羨ましい,0.00004826,78.6917,R4
2144,聴く,0.00004826,78.6966,R4
2145,何者,0.00004823,78.7014,R4
2146,凶器,0.00004823,78.7062,R4
2147,実際,0.00004823,78.7110,R4
2148,物語,0.00004823,78.7158,R4
2149,きつい,0.00004821,78.7207,R4
2150,しまいました,0.00004821,78.7255,R4
2151,程度,0.00004821,78.7303,R4
2152,恐れる,0.00004818,78.7351,R4
2153,安藤,0.00004809,78.7399,R4
2154,かもしれん,0.00004803,78.7447,R4
2155,許可,0.00004794,78.7495,R4
2156,纏める,0.00004785,78.7543,R4
2157,ねた,0.00004777,78.7591,R4
2158,到着,0.00004777,78.7639,R4
2159,壊れる,0.00004774,78.7686,R4
2160,禁止,0.00004774,78.7734,R4
2161,三,0.00004771,78.7782,R4
2162,鈴,0.00004765,78.7830,R4
2163,時々,0.00004762,78.7877,R4
2164,少年,0.00004762,78.7925,R4
2165,大阪,0.00004762,78.7972,R4
2166,握る,0.00004759,78.8020,R4
2167,駆る,0.00004756,78.8068,R4
2168,攻撃,0.00004750,78.8115,R4
2169,医療,0.00004744,78.8162,R4
2170,確保,0.00004744,78.8210,R4
2171,狂う,0.00004744,78.8257,R4
2172,モデル,0.00004741,78.8305,R4
2173,雇う,0.00004741,78.8352,R4
2174,素直,0.00004741,78.8400,R4
2175,きれいな,0.00004738,78.8447,R4
2176,それまで,0.00004733,78.8494,R4
2177,児童,0.00004733,78.8542,R4
2178,たり,0.00004730,78.8589,R4
2179,署長,0.00004730,78.8636,R4
2180,ことがあって,0.00004727,78.8684,R4
2181,表,0.00004727,78.8731,R4
2182,もらいます,0.00004724,78.8778,R4
2183,配意,0.00004721,78.8825,R4
2184,話し合う,0.00004721,78.8872,R4
2185,と共に,0.00004718,78.8920,R4
2186,出かける,0.00004718,78.8967,R4
2187,すっかり,0.00004715,78.9014,R4
2188,遥か,0.00004715,78.9061,R4
2189,了,0.00004712,78.9108,R4
2190,逸す,0.00004706,78.9155,R4
2191,系,0.00004706,78.9202,R4
2192,警官,0.00004706,78.9249,R4
2193,どん,0.00004700,78.9296,R4
2194,相,0.00004700,78.9343,R4
2195,超える,0.00004700,78.9390,R4
2196,新人,0.00004697,78.9437,R4
2197,３つ,0.00004694,78.9484,R4
2198,と言えば,0.00004689,78.9531,R4
2199,施設,0.00004686,78.9578,R4
2200,救急車,0.00004683,78.9625,R4
2201,親友,0.00004683,78.9672,R4
2202,治る,0.00004680,78.9719,R4
2203,勘弁,0.00004674,78.9765,R4
2204,去年,0.00004671,78.9812,R4
2205,籍,0.00004671,78.9859,R4
2206,窓,0.00004671,78.9905,R4
2207,責める,0.00004668,78.9952,R4
2208,本部,0.00004668,78.9999,R4
2209,妊娠,0.00004665,79.0045,R4
2210,玲子,0.00004662,79.0092,R4
2211,霊,0.00004659,79.0139,R4
2212,散る,0.00004656,79.0185,R4
2213,ということは,0.00004653,79.0232,R4
2214,止す,0.00004650,79.0278,R4
2215,星野,0.00004650,79.0325,R4
2216,野菜,0.00004650,79.0371,R4
2217,奴等,0.00004647,79.0418,R4
2218,流行る,0.00004647,79.0464,R4
2219,嫌がる,0.00004644,79.0511,R4
2220,いい子,0.00004642,79.0557,R4
2221,焦る,0.00004642,79.0603,R4
2222,キング,0.00004624,79.0650,R4
2223,京都,0.00004624,79.0696,R4
2224,己,0.00004624,79.0742,R4
2225,畏まりました,0.00004621,79.0788,R4
2226,おｋ,0.00004618,79.0835,R4
2227,性根,0.00004618,79.0881,R4
2228,点者,0.00004615,79.0927,R4
2229,小田,0.00004603,79.0973,R4
2230,工藤,0.00004600,79.1019,R4
2231,自身,0.00004600,79.1065,R4
2232,つき,0.00004595,79.1111,R4
2233,鳴門,0.00004589,79.1157,R4
2234,割れる,0.00004586,79.1203,R4
2235,美樹,0.00004586,79.1248,R4
2236,文中,0.00004586,79.1294,R4
2237,大分,0.00004583,79.1340,R4
2238,泥棒,0.00004583,79.1386,R4
2239,その日,0.00004580,79.1432,R4
2240,企業,0.00004580,79.1478,R4
2241,初,0.00004580,79.1523,R4
2242,得意,0.00004580,79.1569,R4
2243,システム,0.00004577,79.1615,R4
2244,誘拐,0.00004577,79.1661,R4
2245,全,0.00004574,79.1706,R4
2246,まれ,0.00004571,79.1752,R4
2247,引き取る,0.00004571,79.1798,R4
2248,通報,0.00004571,79.1844,R4
2249,御座ります,0.00004568,79.1889,R4
2250,言い訳,0.00004565,79.1935,R4
2251,上で,0.00004565,79.1981,R4
2252,試験,0.00004562,79.2026,R4
2253,指,0.00004556,79.2072,R4
2254,石,0.00004556,79.2117,R4
2255,蔵,0.00004554,79.2163,R4
2256,アリバイ,0.00004551,79.2208,R4
2257,において,0.00004551,79.2254,R4
2258,同士,0.00004545,79.2299,R4
2259,助,0.00004539,79.2345,R4
2260,遠慮,0.00004536,79.2390,R4
2261,教室,0.00004536,79.2435,R4
2262,真,0.00004536,79.2481,R4
2263,凝る,0.00004530,79.2526,R4
2264,なくちゃ,0.00004527,79.2571,R4
2265,井戸,0.00004527,79.2617,R4
2266,桃,0.00004527,79.2662,R4
2267,夏美,0.00004524,79.2707,R4
2268,海外,0.00004524,79.2752,R4
2269,紫檀,0.00004521,79.2798,R4
2270,上の,0.00004518,79.2843,R4
2271,其の後,0.00004507,79.2888,R4
2272,小春,0.00004504,79.2933,R4
2273,吉田,0.00004498,79.2978,R4
2274,食,0.00004498,79.3023,R4
2275,本真,0.00004492,79.3068,R4
2276,操作,0.00004486,79.3113,R4
2277,爆発,0.00004483,79.3157,R4
2278,日本人,0.00004480,79.3202,R4
2279,昨夜,0.00004477,79.3247,R4
2280,小学校,0.00004474,79.3292,R4
2281,部分,0.00004474,79.3337,R4
2282,高木,0.00004468,79.3381,R4
2283,放す,0.00004468,79.3426,R4
2284,桃子,0.00004466,79.3471,R4
2285,刑務所,0.00004463,79.3515,R4
2286,冬,0.00004457,79.3560,R4
2287,アンタ,0.00004445,79.3604,R4
2288,物音,0.00004442,79.3649,R4
2289,佐野,0.00004439,79.3693,R4
2290,集,0.00004436,79.3737,R4
2291,台,0.00004436,79.3782,R4
2292,発生,0.00004436,79.3826,R4
2293,閉める,0.00004436,79.3870,R4
2294,裂ける,0.00004436,79.3915,R4
2295,降りる,0.00004433,79.3959,R4
2296,暖かい,0.00004427,79.4003,R4
2297,発,0.00004424,79.4048,R4
2298,となる,0.00004422,79.4092,R4
2299,秘書,0.00004419,79.4136,R4
2300,きれい,0.00004416,79.4180,R4
2301,それにしても,0.00004416,79.4224,R4
2302,給料,0.00004416,79.4269,R4
2303,霧,0.00004416,79.4313,R4
2304,みろ,0.00004413,79.4357,R4
2305,作業,0.00004413,79.4401,R4
2306,信頼,0.00004410,79.4445,R4
2307,今でも,0.00004407,79.4489,R4
2308,魂,0.00004407,79.4533,R4
2309,京,0.00004404,79.4577,R4
2310,案内,0.00004401,79.4621,R4
2311,犯,0.00004401,79.4665,R4
2312,無視,0.00004401,79.4709,R4
2313,お邪魔,0.00004398,79.4753,R4
2314,きちんと,0.00004398,79.4797,R4
2315,あえて,0.00004395,79.4841,R4
2316,次第,0.00004395,79.4885,R4
2317,シェフ,0.00004392,79.4929,R4
2318,屋敷,0.00004389,79.4973,R4
2319,処分,0.00004389,79.5017,R4
2320,中学,0.00004389,79.5061,R4
2321,副,0.00004386,79.5105,R4
2322,民,0.00004386,79.5148,R4
2323,もしも,0.00004380,79.5192,R4
2324,武器,0.00004380,79.5236,R4
2325,時期,0.00004378,79.5280,R4
2326,いかない,0.00004375,79.5324,R4
2327,脱ぐ,0.00004375,79.5367,R4
2328,その子,0.00004372,79.5411,R4
2329,伯父,0.00004369,79.5455,R4
2330,幸子,0.00004360,79.5498,R4
2331,兄弟,0.00004357,79.5542,R4
2332,範,0.00004357,79.5585,R4
2333,どうやら,0.00004354,79.5629,R4
2334,楽しみ,0.00004354,79.5673,R4
2335,杉下,0.00004354,79.5716,R4
2336,高,0.00004348,79.5760,R4
2337,級,0.00004345,79.5803,R4
2338,鳥,0.00004345,79.5846,R4
2339,山本,0.00004342,79.5890,R4
2340,家庭,0.00004336,79.5933,R4
2341,語句,0.00004336,79.5977,R4
2342,憧れる,0.00004336,79.6020,R4
2343,誇る,0.00004333,79.6063,R4
2344,秋山,0.00004333,79.6107,R4
2345,のみ,0.00004331,79.6150,R4
2346,局,0.00004322,79.6193,R4
2347,地井,0.00004322,79.6236,R4
2348,社会,0.00004319,79.6280,R4
2349,信長,0.00004319,79.6323,R4
2350,罠,0.00004319,79.6366,R4
2351,式,0.00004316,79.6409,R4
2352,圭,0.00004313,79.6452,R4
2353,村井,0.00004313,79.6495,R4
2354,半分,0.00004313,79.6538,R4
2355,ご迷惑,0.00004310,79.6582,R4
2356,幽霊,0.00004310,79.6625,R4
2357,ストーカー,0.00004307,79.6668,R4
2358,ニュース,0.00004307,79.6711,R4
2359,職員,0.00004307,79.6754,R4
2360,いいぞ,0.00004301,79.6797,R4
2361,速める,0.00004295,79.6840,R4
2362,不幸,0.00004295,79.6883,R4
2363,内緒,0.00004292,79.6926,R4
2364,反応,0.00004289,79.6969,R4
2365,背中,0.00004287,79.7012,R4
2366,バス,0.00004284,79.7054,R4
2367,ただし,0.00004275,79.7097,R4
2368,皆様,0.00004275,79.7140,R4
2369,川,0.00004275,79.7183,R4
2370,仲良く,0.00004275,79.7225,R4
2371,変化,0.00004275,79.7268,R4
2372,移動,0.00004272,79.7311,R4
2373,新聞,0.00004272,79.7354,R4
2374,選手,0.00004272,79.7396,R4
2375,動物,0.00004269,79.7439,R4
2376,務める,0.00004269,79.7482,R4
2377,一致,0.00004266,79.7524,R4
2378,交渉,0.00004266,79.7567,R4
2379,旅行,0.00004266,79.7610,R4
2380,佐々木,0.00004257,79.7652,R4
2381,要求,0.00004257,79.7695,R4
2382,高橋,0.00004251,79.7737,R4
2383,恭子,0.00004248,79.7780,R4
2384,利く,0.00004248,79.7822,R4
2385,一度も,0.00004245,79.7865,R4
2386,姉妹,0.00004245,79.7907,R4
2387,終了,0.00004245,79.7950,R4
2388,暴力,0.00004243,79.7992,R4
2389,どうかな,0.00004237,79.8034,R4
2390,支払う,0.00004234,79.8077,R4
2391,就職,0.00004231,79.8119,R4
2392,夕べ,0.00004228,79.8161,R4
2393,成長,0.00004225,79.8204,R4
2394,ならん,0.00004222,79.8246,R4
2395,機,0.00004222,79.8288,R4
2396,降る,0.00004216,79.8330,R4
2397,わざと,0.00004213,79.8372,R4
2398,佐伯,0.00004213,79.8414,R4
2399,脳,0.00004213,79.8457,R4
2400,卵,0.00004213,79.8499,R4
2401,開始,0.00004204,79.8541,R4
2402,土地,0.00004204,79.8583,R4
2403,そのうち,0.00004201,79.8625,R4
2404,メッセージ,0.00004201,79.8667,R4
2405,神谷,0.00004201,79.8709,R4
2406,みたら,0.00004199,79.8751,R4
2407,入,0.00004199,79.8793,R4
2408,悲しむ,0.00004199,79.8835,R4
2409,うわー,0.00004196,79.8877,R4
2410,この先,0.00004196,79.8919,R4
2411,触れる,0.00004196,79.8961,R4
2412,線,0.00004196,79.9003,R4
2413,ところを,0.00004190,79.9044,R4
2414,ショー,0.00004187,79.9086,R4
2415,影響,0.00004187,79.9128,R4
2416,作,0.00004187,79.9170,R4
2417,本真に,0.00004178,79.9212,R4
2418,ひと言,0.00004169,79.9254,R4
2419,会す,0.00004169,79.9295,R4
2420,地獄,0.00004166,79.9337,R4
2421,もうひとつ,0.00004163,79.9379,R4
2422,いこう,0.00004160,79.9420,R4
2423,良い事,0.00004160,79.9462,R4
2424,ふーん,0.00004157,79.9503,R4
2425,公平,0.00004157,79.9545,R4
2426,正体,0.00004157,79.9586,R4
2427,説得,0.00004157,79.9628,R4
2428,だからこそ,0.00004155,79.9670,R4
2429,対応,0.00004155,79.9711,R4
2430,本意,0.00004155,79.9753,R4
2431,さかい,0.00004152,79.9794,R4
2432,何より,0.00004146,79.9836,R4
2433,二,0.00004146,79.9877,R4
2434,限界,0.00004140,79.9919,R4
2435,ちゃう,0.00004137,79.9960,R4
2436,武藤,0.00004137,80.0001,R4
2437,眼鏡,0.00004134,80.0043,R4
2438,動機,0.00004134,80.0084,R4
2439,レベル,0.00004131,80.0125,R4
2440,必死,0.00004131,80.0167,R4
2441,申し訳ございません,0.00004128,80.0208,R4
2442,中村,0.00004128,80.0249,R4
2443,ほな,0.00004122,80.0290,R4
2444,距離,0.00004122,80.0332,R4
2445,燃える,0.00004122,80.0373,R4
2446,伝わる,0.00004119,80.0414,R4
2447,議員,0.00004111,80.0455,R4
2448,に対する,0.00004102,80.0496,R4
2449,一瞬,0.00004102,80.0537,R4
2450,床,0.00004102,80.0578,R4
2451,梓,0.00004096,80.0619,R4
2452,最も,0.00004096,80.0660,R4
2453,奢る,0.00004096,80.0701,R4
2454,扉,0.00004093,80.0742,R4
2455,編集長,0.00004087,80.0783,R4
2456,ルール,0.00004084,80.0824,R4
2457,約,0.00004084,80.0865,R4
2458,困難,0.00004078,80.0905,R4
2459,しましょう,0.00004075,80.0946,R4
2460,パソ婚,0.00004075,80.0987,R4
2461,芝居,0.00004075,80.1028,R4
2462,日向,0.00004075,80.1068,R4
2463,被る,0.00004075,80.1109,R4
2464,京子,0.00004072,80.1150,R4
2465,集中,0.00004072,80.1190,R4
2466,吐く,0.00004067,80.1231,R4
2467,闇,0.00004061,80.1272,R4
2468,太郎,0.00004061,80.1312,R4
2469,子供達,0.00004058,80.1353,R4
2470,霜,0.00004055,80.1394,R4
2471,態度,0.00004055,80.1434,R4
2472,藤堂,0.00004055,80.1475,R4
2473,ことにした,0.00004052,80.1515,R4
2474,ともに,0.00004052,80.1556,R4
2475,内府,0.00004049,80.1596,R4
2476,玲奈,0.00004049,80.1637,R4
2477,マース,0.00004046,80.1677,R4
2478,売買,0.00004046,80.1718,R4
2479,ダメです,0.00004043,80.1758,R4
2480,帰,0.00004043,80.1798,R4
2481,林,0.00004043,80.1839,R4
2482,恐ろしい,0.00004040,80.1879,R4
2483,惜しい,0.00004037,80.1920,R4
2484,２日,0.00004034,80.1960,R4
2485,向ける,0.00004034,80.2000,R4
2486,方正,0.00004034,80.2041,R4
2487,橋,0.00004031,80.2081,R4
2488,優,0.00004031,80.2121,R4
2489,小林,0.00004028,80.2162,R4
2490,此度,0.00004025,80.2202,R4
2491,あるか,0.00004020,80.2242,R4
2492,駅,0.00004020,80.2282,R4
2493,しません,0.00004017,80.2322,R4
2494,なるの,0.00004014,80.2362,R4
2495,以来,0.00004014,80.2403,R4
2496,けれど,0.00004005,80.2443,R4
2497,永遠,0.00004005,80.2483,R4
2498,大会,0.00004002,80.2523,R4
2499,退院,0.00003999,80.2563,R4
2500,兵,0.00003999,80.2603,R4
